"State","State_Code","District","District_C","Township","Township_C","VillageTra","VT_Code","VT_HH","VT_Pop","Village","Village_Co","Village_HH","Village_Fa","Village_Po","Pop_2001","Pop_2013","Name","Longitude","Latitude","Population","Pop_2011","pop_g_u","pop_g_r","ho_size_u","ho_size_r","mg_fl_cl","gr_ml_cm","Source","State_GIS"
"Kayah","10","Baw-la-keal","1002","Yuarthet","100204","Loi-weng","10020401","43","205","Ho-hta",10020401003,"4","4",23,23,NA,"Ho-hta",97.4851814,19.130652,29,29,0.0157,0.0151,5.5,5.88,1.14,20,"DRD","Kayah State"
"Kayah","10","Baw-la-keal","1002","Yuarthet","100204","Loi-weng","10020401","43","205","Loi-weng",10020401001,"5","5",21,21,NA,"Loi-weng",97.4668344,19.1314383,26,26,0.0157,0.0151,5.5,5.88,1.14,20,"DRD","Kayah State"
"Kayah","10","Baw-la-keal","1002","Yuarthet","100204","Nam-ma-lin","10020403","13","75","Namlin",10020403001,"13","13",75,75,NA,"Namlin",97.4534673,19.1798394,94,94,0.0157,0.0151,5.5,5.88,1.14,20,"DRD","Kayah State"
"Kayah","10","Baw-la-keal","1002","Yuarthet","100204","Wan-lwal","10020402","66","325","Wan-loi",10020402002,"20","20",114,114,NA,"Wan-loi",97.5064988,19.2696522,143,143,0.0157,0.0151,5.5,5.88,1.14,20,"DRD","Kayah State"
"Kayah","10","Baw-la-keal","1002","Yuarthet","100204","Loi-weng","10020401","43","205","Wan-pha-gyi",10020401002,"34","34",161,161,NA,"Wan-pha-gyi",97.4353825,19.1528431,202,202,0.0157,0.0151,5.5,5.88,1.14,20,"DRD","Kayah State"
"Kayah","10","Baw-la-keal","1002","Yuarthet","100204","Wan-lwal","10020402","66","325","wanpla",10020402001,"46","46",211,211,NA,"wanpla",97.4892002,19.0442465,264,264,0.0157,0.0151,5.5,5.88,1.14,20,"DRD","Kayah State"
"Kayah","10","Baw-la-keal","1002","Baw-la-keal","100201","Bu-hku","10020104","34","279","Bu-hku",10020104001,"34","34",279,279,NA,"Bu-hku",97.2417365,19.2396564,350,350,0.0157,0.0151,5.5,5.88,1.14,20,"DRD","Kayah State"
"Kayah","10","Baw-la-keal","1002","Baw-la-keal","100201","Kyi-kual","10020102","120","987","Chi-koi",10020102002,"67","67",505,505,NA,"Chi-koi",97.3531007,19.0149269,633,633,0.0157,0.0151,5.5,5.88,1.14,20,"DRD","Kayah State"
"Kayah","10","Baw-la-keal","1002","Baw-la-keal","100201","Nan-phe`","10020105","132","1114","Dawse`-hku",10020105003,"40","40",397,397,NA,"Dawse`-hku",97.2251246,19.1292771,497,497,0.0157,0.0151,5.5,5.88,1.14,20,"DRD","Kayah State"
"Kayah","10","Baw-la-keal","1002","Baw-la-keal","100201","Saw-lon","10020103","53","384","Hawh-kam",10020103001,"14","14",97,97,NA,"Hawh-kam",97.411209,19.2133108,122,122,0.0157,0.0151,5.5,5.88,1.14,20,"DRD","Kayah State"
"Kayah","10","Baw-la-keal","1002","Baw-la-keal","100201","Saw-lon","10020103","53","384","Loi-waing",10020103003,"18","18",132,132,NA,"Loi-waing",97.4246497,19.2194935,165,165,0.0157,0.0151,5.5,5.88,1.14,20,"DRD","Kayah State"
"Kayah","10","Baw-la-keal","1002","Baw-la-keal","100201","Baw-la-keal","10020101","130","951","Mong- Htang",10020101001,"22","22",157,157,NA,"Mong- Htang",97.3581348,19.1253017,197,197,0.0157,0.0151,5.5,5.88,1.14,20,"DRD","Kayah State"
"Kayah","10","Baw-la-keal","1002","Baw-la-keal","100201","Nan-phe`","10020105","132","1114","Nam-hpe`",10020105001,"57","57",454,454,NA,"Nam-hpe`",97.2432048,19.1671477,569,569,0.0157,0.0151,5.5,5.88,1.14,20,"DRD","Kayah State"
"Kayah","10","Baw-la-keal","1002","Baw-la-keal","100201","Kyi-kual","10020102","120","987","Nan-nauak",10020102001,"20","20",261,261,NA,"Nan-nauak",97.3608066,19.0595498,327,327,0.0157,0.0151,5.5,5.88,1.14,20,"DRD","Kayah State"
"Kayah","10","Baw-la-keal","1002","Baw-la-keal","100201","Saw-lon","10020103","53","384","Saw-lon",10020103002,"21","21",156,156,NA,"Saw-lon",97.4195422,19.2269307,195,195,0.0157,0.0151,5.5,5.88,1.14,20,"DRD","Kayah State"
"Kayah","10","Baw-la-keal","1002","Baw-la-keal","100201","Kyi-kual","10020102","120","987","Sawn-glaw",10020102003,"33","33",223,223,NA,"Sawn-glaw",97.3587457,18.963718,279,279,0.0157,0.0151,5.5,5.88,1.14,20,"DRD","Kayah State"
"Kayah","10","Baw-la-keal","1002","Baw-la-keal","100201","Nan-phe`","10020105","132","1114","Ta-lai-long",10020105002,"35","35",263,263,NA,"Ta-lai-long",97.2649896,19.1434708,330,330,0.0157,0.0151,5.5,5.88,1.14,20,"DRD","Kayah State"
"Kayah","10","Baw-la-keal","1002","Baw-la-keal","100201","Baw-la-keal","10020101","130","951","Wan-cha",10020101003,"50","50",419,419,NA,"Wan-cha",97.3561472,19.1073985,525,525,0.0157,0.0151,5.5,5.88,1.14,20,"DRD","Kayah State"
"Kayah","10","Baw-la-keal","1002","Baw-la-keal","100201","Baw-la-keal","10020101","130","951","Ye-ni-pauk",10020101002,"58","58",375,375,NA,"Ye-ni-pauk",97.3323869,19.114877,470,470,0.0157,0.0151,5.5,5.88,1.14,20,"DRD","Kayah State"
"Kayah","10","Loikaw","1001","Demoso","100102","Naungpale","10010206","237","1223","4-mile",10010206003,"46","59",237,237,NA,"4-mile",97.1275346,19.5553349,297,297,0.0157,0.0151,5.5,5.88,1.14,20,"DRD","Kayah State"
"Kayah","10","Loikaw","1001","Demoso","100102","Dawrahku","10010208","258","1339","Bato",10010208003,"36","42",188,188,NA,"Bato",96.9656784,19.4558732,236,236,0.0157,0.0151,5.5,5.88,1.14,20,"DRD","Kayah State"
"Kayah","10","Loikaw","1001","Demoso","100102","hkupra","10010209","88","466","danto",10010209003,"22","24",111,111,NA,"danto",96.940745,19.4824666,139,139,0.0157,0.0151,5.5,5.88,1.14,20,"DRD","Kayah State"
"Kayah","10","Loikaw","1001","Demoso","100102","Ngwedaung","10010212","528","2714","daw-ngan-york",10010212004,"121","128",621,621,NA,"daw-ngan-york",97.1780135,19.5587068,778,778,0.0157,0.0151,5.5,5.88,1.14,20,"DRD","Kayah State"
"Kayah","10","Loikaw","1001","Demoso","100102","sanpya6-mile","10010213","407","2098","dawbunganye",10010213005,"73","78",374,374,NA,"dawbunganye",97.2102423,19.6212006,469,469,0.0157,0.0151,5.5,5.88,1.14,20,"DRD","Kayah State"
"Kayah","10","Loikaw","1001","Demoso","100102","Ngwedaung","10010212","528","2714","dawgl0hku",10010212006,"60","65",318,318,NA,"dawgl0hku",97.1973046,19.5961337,398,398,0.0157,0.0151,5.5,5.88,1.14,20,"DRD","Kayah State"
"Kayah","10","Loikaw","1001","Demoso","100102","Ngwedaung","10010212","528","2714","dawglale",10010212005,"66","71",328,328,NA,"dawglale",97.2088561,19.5970579,411,411,0.0157,0.0151,5.5,5.88,1.14,20,"DRD","Kayah State"
"Kayah","10","Loikaw","1001","Demoso","100102","Dawpu-ku","10010205","196","1026","Dawglaw-li",10010205004,"19","23",102,102,NA,"Dawglaw-li",97.1206394,19.6346749,128,128,0.0157,0.0151,5.5,5.88,1.14,20,"DRD","Kayah State"
"Kayah","10","Loikaw","1001","Demoso","100102","Dawpu-ku","10010205","196","1026","Dawhkawhku",10010205005,"22","26",116,116,NA,"Dawhkawhku",97.1252959,19.6297497,145,145,0.0157,0.0151,5.5,5.88,1.14,20,"DRD","Kayah State"
"Kayah","10","Loikaw","1001","Demoso","100102","Ngwedaung","10010212","528","2714","dawhpu",10010212002,"57","63",294,294,NA,"dawhpu",97.1958029,19.5674859,368,368,0.0157,0.0151,5.5,5.88,1.14,20,"DRD","Kayah State"
"Kayah","10","Loikaw","1001","Demoso","100102","Dawpu-ku","10010205","196","1026","Dawlya-li",10010205002,"20","23",105,105,NA,"Dawlya-li",97.1156508,19.6440641,132,132,0.0157,0.0151,5.5,5.88,1.14,20,"DRD","Kayah State"
"Kayah","10","Loikaw","1001","Demoso","100102","Di-maw-hso","10010207","515","2645","dawngan-kha",10010207004,"88","94",452,452,NA,"dawngan-kha",97.1500009,19.551709,566,566,0.0157,0.0151,5.5,5.88,1.14,20,"DRD","Kayah State"
"Kayah","10","Loikaw","1001","Demoso","100102","Dawtamagyi","10010214","741","3759","dawnyehku",10010214002,"192","197",982,982,NA,"dawnyehku",97.3685814,19.2946885,1230,1230,0.0157,0.0151,5.5,5.88,1.14,20,"DRD","Kayah State"
"Kayah","10","Loikaw","1001","Demoso","100102","Dawpu-ku","10010205","196","1026","Dawpi-ta",10010205003,"16","19",87,87,NA,"Dawpi-ta",97.1145501,19.6468534,109,109,0.0157,0.0151,5.5,5.88,1.14,20,"DRD","Kayah State"
"Kayah","10","Loikaw","1001","Demoso","100102","sanpya6-mile","10010213","407","2098","dawposi",10010213004,"79","84",401,401,NA,"dawposi",97.2070078,19.6255902,502,502,0.0157,0.0151,5.5,5.88,1.14,20,"DRD","Kayah State"
"Kayah","10","Loikaw","1001","Demoso","100102","Dawpu-ku","10010205","196","1026","Dawpu-ku",10010205001,"73","78",372,372,NA,"Dawpu-ku",97.1176843,19.6405851,466,466,0.0157,0.0151,5.5,5.88,1.14,20,"DRD","Kayah State"
"Kayah","10","Loikaw","1001","Demoso","100102","Dawrahku","10010208","258","1339","Dawrahku(north)",10010208001,"66","73",340,340,NA,"Dawrahku(north)",96.9848563,19.48022,426,426,0.0157,0.0151,5.5,5.88,1.14,20,"DRD","Kayah State"
"Kayah","10","Loikaw","1001","Demoso","100102","Dawrahku","10010208","258","1339","Dawrahku(south)",10010208002,"60","69",311,311,NA,"Dawrahku(south)",96.9828336,19.4773733,390,390,0.0157,0.0151,5.5,5.88,1.14,20,"DRD","Kayah State"
"Kayah","10","Loikaw","1001","Demoso","100102","Dawpu-ku","10010205","196","1026","Dawse",10010205006,"28","31",148,148,NA,"Dawse",97.1260123,19.6216903,185,185,0.0157,0.0151,5.5,5.88,1.14,20,"DRD","Kayah State"
"Kayah","10","Loikaw","1001","Demoso","100102","ok","10010204","213","1045","Dawta-hse",10010204002,"48","53",246,246,NA,"Dawta-hse",97.1105204,19.664002,308,308,0.0157,0.0151,5.5,5.88,1.14,20,"DRD","Kayah State"
"Kayah","10","Loikaw","1001","Demoso","100102","Dawtamagyi","10010214","741","3759","dawtacha",10010214003,"178","184",906,906,NA,"dawtacha",97.2995687,19.3619667,1135,1135,0.0157,0.0151,5.5,5.88,1.14,20,"DRD","Kayah State"
"Kayah","10","Loikaw","1001","Demoso","100102","Dawtamagyi","10010214","741","3759","Dawtamagyi",10010214001,"371","379",1907,1907,NA,"Dawtamagyi",97.3541744,19.3262899,2389,2389,0.0157,0.0151,5.5,5.88,1.14,20,"DRD","Kayah State"
"Kayah","10","Loikaw","1001","Demoso","100102","Di-maw-hso","10010207","515","2645","Dawtamange",10010207007,"70","76",361,361,NA,"Dawtamange",97.1633387,19.5482912,452,452,0.0157,0.0151,5.5,5.88,1.14,20,"DRD","Kayah State"
"Kayah","10","Loikaw","1001","Demoso","100102","Di-maw-hso","10010207","515","2645","Di-maw-hso",10010207001,"92","98",472,472,NA,"Di-maw-hso",97.1575868,19.5460405,591,591,0.0157,0.0151,5.5,5.88,1.14,20,"DRD","Kayah State"
"Kayah","10","Loikaw","1001","Demoso","100102","Dawrahku","10010208","258","1339","hanli",10010208006,"34","39",178,178,NA,"hanli",96.9577376,19.4777479,223,223,0.0157,0.0151,5.5,5.88,1.14,20,"DRD","Kayah State"
"Kayah","10","Loikaw","1001","Demoso","100102","Namme-kon","10010203","221","1029","hkawhku(kayah)",10010203001,"46","51",238,238,NA,"hkawhku(kayah)",97.1220807,19.6718191,298,298,0.0157,0.0151,5.5,5.88,1.14,20,"DRD","Kayah State"
"Kayah","10","Loikaw","1001","Demoso","100102","namme-kon","10010203","221","1029","hkawhku(shan)",10010203002,"51","57",259,259,NA,"hkawhku(shan)",97.119288,19.6707495,324,324,0.0157,0.0151,5.5,5.88,1.14,20,"DRD","Kayah State"
"Kayah","10","Loikaw","1001","Demoso","100102","hkupra","10010209","88","466","hkupra(lower)",10010209002,"23","26",122,122,NA,"hkupra(lower)",96.9330055,19.4832753,153,153,0.0157,0.0151,5.5,5.88,1.14,20,"DRD","Kayah State"
"Kayah","10","Loikaw","1001","Demoso","100102","Hkupra","10010209","88","466","Hkupra(upper)",10010209001,"15","29",131,131,NA,"Hkupra(upper)",96.9321922,19.4871121,164,164,0.0157,0.0151,5.5,5.88,1.14,20,"DRD","Kayah State"
"Kayah","10","Loikaw","1001","Demoso","100102","sanpya6-mile","10010213","407","2098","hophe",10010213003,"55","59",286,286,NA,"hophe",97.2148629,19.6072232,358,358,0.0157,0.0151,5.5,5.88,1.14,20,"DRD","Kayah State"
"Kayah","10","Loikaw","1001","Demoso","100102","Dawrahku","10010208","258","1339","hpur-daw",10010208005,"31","36",160,160,NA,"hpur-daw",96.9620077,19.4695074,200,200,0.0157,0.0151,5.5,5.88,1.14,20,"DRD","Kayah State"
"Kayah","10","Loikaw","1001","Demoso","100102","hpya-pyu","10010202","224","1150","Hpya-pyu",10010202001,"80","85",410,410,NA,"Hpya-pyu",97.1371734,19.673364,514,514,0.0157,0.0151,5.5,5.88,1.14,20,"DRD","Kayah State"
"Kayah","10","Loikaw","1001","Demoso","100102","Hse-hsu-le","10010205","207","1067","Hse-hsu-le",10010205008,"57","63",292,292,NA,"Hse-hsu-le",97.1350567,19.6121087,366,366,0.0157,0.0151,5.5,5.88,1.14,20,"DRD","Kayah State"
"Kayah","10","Loikaw","1001","Demoso","100102","Hse-hsu-le","10010205","207","1067","Hse-hsu-le(east)",10010205009,"43","47",221,221,NA,"Hse-hsu-le(east)",97.1377432,19.6152428,277,277,0.0157,0.0151,5.5,5.88,1.14,20,"DRD","Kayah State"
"Kayah","10","Loikaw","1001","Demoso","100102","Hse-hsu-le","10010205","207","1067","Hse-hsu-le(north)",10010205010,"52","57",271,271,NA,"Hse-hsu-le(north)",97.1349672,19.6145265,340,340,0.0157,0.0151,5.5,5.88,1.14,20,"DRD","Kayah State"
"Kayah","10","Loikaw","1001","Demoso","100102","Dawpu-ku","10010205","196","1026","Hse-le",10010205007,"18","21",96,96,NA,"Hse-le",97.1261019,19.6168547,120,120,0.0157,0.0151,5.5,5.88,1.14,20,"DRD","Kayah State"
"Kayah","10","Loikaw","1001","Demoso","100102","Di-maw-hso","10010207","515","2645","htulivila",10010207005,"73","79",373,373,NA,"htulivila",97.1515014,19.5377043,467,467,0.0157,0.0151,5.5,5.88,1.14,20,"DRD","Kayah State"
"Kayah","10","Loikaw","1001","Demoso","100102","Naungpale","10010206","237","1223","kafu",10010206005,"23","26",118,118,NA,"kafu",97.117953,19.5470069,148,148,0.0157,0.0151,5.5,5.88,1.14,20,"DRD","Kayah State"
"Kayah","10","Loikaw","1001","Demoso","100102","sintaung","10010201","390","2250","kaphpe hku",10010201005,"50","70",416,416,NA,"kaphpe hku",97.1076624,19.6789396,521,521,0.0157,0.0151,5.5,5.88,1.14,20,"DRD","Kayah State"
"Kayah","10","Loikaw","1001","Demoso","100102","Di-maw-hso","10010207","515","2645","khauk-pa-law",10010207006,"65","71",334,334,NA,"khauk-pa-law",97.1541689,19.5411221,418,418,0.0157,0.0151,5.5,5.88,1.14,20,"DRD","Kayah State"
"Kayah","10","Loikaw","1001","Demoso","100102","Hse-hsu-le","10010205","207","1067","kong-thar",10010205011,"55","61",283,283,NA,"kong-thar",97.1384595,19.5770057,355,355,0.0157,0.0151,5.5,5.88,1.14,20,"DRD","Kayah State"
"Kayah","10","Loikaw","1001","Demoso","100102","Dawrahku","10010208","258","1339","kuBato",10010208004,"33","35",162,162,NA,"kuBato",96.9639554,19.4602181,203,203,0.0157,0.0151,5.5,5.88,1.14,20,"DRD","Kayah State"
"Kayah","10","Loikaw","1001","Demoso","100102","ok","10010204","213","1045","kyaun-taw",10010204003,"77","81",394,394,NA,"kyaun-taw",97.1132964,19.6607335,494,494,0.0157,0.0151,5.5,5.88,1.14,20,"DRD","Kayah State"
"Kayah","10","Loikaw","1001","Demoso","100102","Naungpale","10010206","237","1223","law-si",10010206006,"19","22",102,102,NA,"law-si",97.1102518,19.5462906,128,128,0.0157,0.0151,5.5,5.88,1.14,20,"DRD","Kayah State"
"Kayah","10","Loikaw","1001","Demoso","100102","sintaung","10010201","390","2250","le-wo",10010201002,"50","57",250,250,NA,"le-wo",97.0998577,19.7055101,313,313,0.0157,0.0151,5.5,5.88,1.14,20,"DRD","Kayah State"
"Kayah","10","Loikaw","1001","Demoso","100102","Mya-le","10010211","203","1050","Lo-ba-hku",10010211003,"64","69",331,331,NA,"Lo-ba-hku",97.0509466,19.6452278,415,415,0.0157,0.0151,5.5,5.88,1.14,20,"DRD","Kayah State"
"Kayah","10","Loikaw","1001","Demoso","100102","Lobahku","10010210","225","1179","Lobahku",10010210001,"48","53",249,249,NA,"Lobahku",96.9442104,19.5275176,312,312,0.0157,0.0151,5.5,5.88,1.14,20,"DRD","Kayah State"
"Kayah","10","Loikaw","1001","Demoso","100102","Mya-le","10010211","203","1050","LoiNanghpa",10010211002,"68","73",352,352,NA,"LoiNanghpa",97.0412433,19.6296332,441,441,0.0157,0.0151,5.5,5.88,1.14,20,"DRD","Kayah State"
"Kayah","10","Loikaw","1001","Demoso","100102","Mya-le","10010211","203","1050","Mya-le",10010211001,"71","78",367,367,NA,"Mya-le",97.0711618,19.5762651,460,460,0.0157,0.0151,5.5,5.88,1.14,20,"DRD","Kayah State"
"Kayah","10","Loikaw","1001","Demoso","100102","Naungpale","10010206","237","1223","myaenikong",10010206004,"50","54",257,257,NA,"myaenikong",97.1219826,19.5474547,322,322,0.0157,0.0151,5.5,5.88,1.14,20,"DRD","Kayah State"
"Kayah","10","Loikaw","1001","Demoso","100102","namme-kon","10010203","221","1029","Myoma",10010203003,"60","66",308,308,NA,"Myoma",97.1164359,19.669264,386,386,0.0157,0.0151,5.5,5.88,1.14,20,"DRD","Kayah State"
"Kayah","10","Loikaw","1001","Demoso","100102","namme-kon","10010203","221","1029","Myoma|(padaung)",10010203004,"44","49",224,224,NA,"Myoma|(padaung)",97.1156634,19.6661148,281,281,0.0157,0.0151,5.5,5.88,1.14,20,"DRD","Kayah State"
"Kayah","10","Loikaw","1001","Demoso","100102","Ngwedaung","10010212","528","2714","myoung-gwa",10010212003,"61","67",310,310,NA,"myoung-gwa",97.1776669,19.6120749,388,388,0.0157,0.0151,5.5,5.88,1.14,20,"DRD","Kayah State"
"Kayah","10","Loikaw","1001","Demoso","100102","hpya-pyu","10010202","224","1150","Namsanghkam(east)",10010202003,"51","54",262,262,NA,"Namsanghkam(east)",97.1175054,19.6850103,328,328,0.0157,0.0151,5.5,5.88,1.14,20,"DRD","Kayah State"
"Kayah","10","Loikaw","1001","Demoso","100102","hpya-pyu","10010202","224","1150","Namsanghkam(west)",10010202004,"50","52",258,258,NA,"Namsanghkam(west)",97.1092461,19.6780582,323,323,0.0157,0.0151,5.5,5.88,1.14,20,"DRD","Kayah State"
"Kayah","10","Loikaw","1001","Demoso","100102","Naungpale","10010206","237","1223","Naungpale",10010206001,"51","56",261,261,NA,"Naungpale",97.1323703,19.5521112,327,327,0.0157,0.0151,5.5,5.88,1.14,20,"DRD","Kayah State"
"Kayah","10","Loikaw","1001","Demoso","100102","Ngwedaung","10010212","528","2714","Ngwedaung",10010212001,"163","173",843,843,NA,"Ngwedaung",97.1813634,19.5591688,1056,1056,0.0157,0.0151,5.5,5.88,1.14,20,"DRD","Kayah State"
"Kayah","10","Loikaw","1001","Demoso","100102","Di-maw-hso","10010207","515","2645","obuyi",10010207002,"67","73",343,343,NA,"obuyi",97.1585037,19.5430395,430,430,0.0157,0.0151,5.5,5.88,1.14,20,"DRD","Kayah State"
"Kayah","10","Loikaw","1001","Demoso","100102","ok","10010204","213","1045","ok",10010204001,"78","84",405,405,NA,"ok",97.1162515,19.6581365,507,507,0.0157,0.0151,5.5,5.88,1.14,20,"DRD","Kayah State"
"Kayah","10","Loikaw","1001","Demoso","100102","Lobahku","10010210","225","1179","pani-hsaung",10010210005,"32","36",167,167,NA,"pani-hsaung",96.9190281,19.5313296,209,209,0.0157,0.0151,5.5,5.88,1.14,20,"DRD","Kayah State"
"Kayah","10","Loikaw","1001","Demoso","100102","hpya-pyu","10010202","224","1150","pawktaw",10010202002,"43","47",220,220,NA,"pawktaw",97.1333111,19.6790089,276,276,0.0157,0.0151,5.5,5.88,1.14,20,"DRD","Kayah State"
"Kayah","10","Loikaw","1001","Demoso","100102","Lobahku","10010210","225","1179","rahkubalaw",10010210006,"28","33",147,147,NA,"rahkubalaw",96.9410107,19.5475138,184,184,0.0157,0.0151,5.5,5.88,1.14,20,"DRD","Kayah State"
"Kayah","10","Loikaw","1001","Demoso","100102","sanpya6-miles","10010213","407","2098","sanpya6-miles",10010213001,"119","127",618,618,NA,"sanpya6-miles",97.211975,19.6142697,774,774,0.0157,0.0151,5.5,5.88,1.14,20,"DRD","Kayah State"
"Kayah","10","Loikaw","1001","Demoso","100102","Lobahku","10010210","225","1179","saungduhkupaa",10010210002,"39","45",207,207,NA,"saungduhkupaa",96.9516034,19.5410329,259,259,0.0157,0.0151,5.5,5.88,1.14,20,"DRD","Kayah State"
"Kayah","10","Loikaw","1001","Demoso","100102","Naungpale","10010206","237","1223","sawbawhse",10010206002,"48","53",248,248,NA,"sawbawhse",97.1358626,19.5549768,311,311,0.0157,0.0151,5.5,5.88,1.14,20,"DRD","Kayah State"
"Kayah","10","Loikaw","1001","Demoso","100102","sintaung","10010201","390","2250","sintaung",10010201001,"170","184",870,870,NA,"sintaung",97.095422,19.7099567,1090,1090,0.0157,0.0151,5.5,5.88,1.14,20,"DRD","Kayah State"
"Kayah","10","Loikaw","1001","Demoso","100102","Di-maw-hso","10010207","515","2645","tanan-au-kun",10010207003,"60","66",310,310,NA,"tanan-au-kun",97.1598375,19.5467907,388,388,0.0157,0.0151,5.5,5.88,1.14,20,"DRD","Kayah State"
"Kayah","10","Loikaw","1001","Demoso","100102","hkupra","10010209","88","466","thadehku",10010209004,"19","13",102,102,NA,"thadehku",96.9372795,19.477846,128,128,0.0157,0.0151,5.5,5.88,1.14,20,"DRD","Kayah State"
"Kayah","10","Loikaw","1001","Demoso","100102","sanpya6-miles","10010213","407","2098","wanlahtur",10010213002,"81","88",419,419,NA,"wanlahtur",97.2114987,19.6097764,525,525,0.0157,0.0151,5.5,5.88,1.14,20,"DRD","Kayah State"
"Kayah","10","Loikaw","1001","Demoso","100102","sintaung","10010201","390","2250","wesehku(south)",10010201004,"58","62",354,354,NA,"wesehku(south)",97.1088508,19.6961713,444,444,0.0157,0.0151,5.5,5.88,1.14,20,"DRD","Kayah State"
"Kayah","10","Loikaw","1001","Demoso","100102","sintaung","10010201","390","2250","wi-sa-ku(north)",10010201003,"62","68",360,360,NA,"wi-sa-ku(north)",97.1053838,19.7049159,451,451,0.0157,0.0151,5.5,5.88,1.14,20,"DRD","Kayah State"
"Kayah","10","Loikaw","1001","Demoso","100102","Lobahku","10010210","225","1179","Yanku",10010210003,"38","43",198,198,NA,"Yanku",96.9106579,19.5157765,248,248,0.0157,0.0151,5.5,5.88,1.14,20,"DRD","Kayah State"
"Kayah","10","Loikaw","1001","Demoso","100102","Lobahku","10010210","225","1179","Yanku(ywathit)",10010210004,"40","45",211,211,NA,"Yanku(ywathit)",96.9136065,19.5229222,264,264,0.0157,0.0151,5.5,5.88,1.14,20,"DRD","Kayah State"
"Kayah","10","bawlakhae","1002","pharsaung","100202","maw chi(collection)","10020205","211","2787","bulobar",10020205004,"48","48",489,489,NA,"bulobar",97.1624316,18.8331333,613,613,0.0157,0.0151,5.5,5.88,1.14,20,"DRD","Kayah State"
"Kayah","10","bawlakhae","1002","pharsaung","100202","bahanlaw","10020206","200","1950","chilo(atet)",10020205003,"32","32",322,322,NA,"chilo(atet)",97.1028898,18.9499723,403,403,0.0157,0.0151,5.5,5.88,1.14,20,"DRD","Kayah State"
"Kayah","10","bawlakhae","1002","pharsaung","100202","bahanlaw","10020206","200","1950","chilo(out)",10020205004,"64","64",660,660,NA,"chilo(out)",97.1028898,18.964901,827,827,0.0157,0.0151,5.5,5.88,1.14,20,"DRD","Kayah State"
"Kayah","10","bawlakhae","1002","pharsaung","100202","bahanlaw","10020206","200","1950","hawlo",10020205006,"22","22",215,215,NA,"hawlo",97.1519246,18.7581969,269,269,0.0157,0.0151,5.5,5.88,1.14,20,"DRD","Kayah State"
"Kayah","10","bawlakhae","1002","pharsaung","100202","maw chi(collection)","10020205","211","2787","kananlo",10020205001,"31","31",316,316,NA,"kananlo",97.1929903,18.8692702,396,396,0.0157,0.0151,5.5,5.88,1.14,20,"DRD","Kayah State"
"Kayah","10","bawlakhae","1002","pharsaung","100202","bahanlaw","10020206","200","1950","kapwehpo",10020205002,"40","40",357,357,NA,"kapwehpo",97.1345845,19.0566546,447,447,0.0157,0.0151,5.5,5.88,1.14,20,"DRD","Kayah State"
"Kayah","10","bawlakhae","1002","pharsaung","100202","pharsaung(collection)","10020204","199","1806","kemapyu",10020204002,"121","121",1330,1330,NA,"kemapyu",97.3209648,18.8235938,1666,1666,0.0157,0.0151,5.5,5.88,1.14,20,"DRD","Kayah State"
"Kayah","10","bawlakhae","1002","pharsaung","100202","mawchi(collection)","10020205","211","2787","kodolako",10020205006,"22","22",221,221,NA,"kodolako",97.1051947,18.8131651,277,277,0.0157,0.0151,5.5,5.88,1.14,20,"DRD","Kayah State"
"Kayah","10","bawlakhae","1002","pharsaung","100202","wanown","10020202","161","1743","kyauk me nyo",10020202003,"15","15",123,123,NA,"kyauk me nyo",97.3274323,18.8310314,154,154,0.0157,0.0151,5.5,5.88,1.14,20,"DRD","Kayah State"
"Kayah","10","bawlakhae","1002","pharsaung","100202","mawchi","10020203","1232","12447","lokalo",10020203003,"356","356",3541,3541,NA,"lokalo",97.1516795,18.8252915,4436,4436,0.0157,0.0151,5.5,5.88,1.14,20,"DRD","Kayah State"
"Kayah","10","bawlakhae","1002","pharsaung","100202","mawchi(collection)","10020205","211","2787","lolawli",10020205007,"40","40",418,418,NA,"lolawli",97.1207166,18.803949,524,524,0.0157,0.0151,5.5,5.88,1.14,20,"DRD","Kayah State"
"Kayah","10","bawlakhae","1002","pharsaung","100202","mawchi(collection)","10020205","211","2787","mosaki",10020205008,"33","33",378,378,NA,"mosaki",97.1815914,18.7894781,474,474,0.0157,0.0151,5.5,5.88,1.14,20,"DRD","Kayah State"
"Kayah","10","bawlakhae","1002","pharsaung","100202","pharsaung","10020201","65","895","nan hu kong",10020201002,"27","27",439,439,NA,"nan hu kong",97.2976012,18.8948166,550,550,0.0157,0.0151,5.5,5.88,1.14,20,"DRD","Kayah State"
"Kayah","10","bawlakhae","1002","pharsaung","100202","pharsaung(collection)","10020204","199","1806","nantak",10020204001,"61","61",303,303,NA,"nantak",97.2524908,18.8989396,380,380,0.0157,0.0151,5.5,5.88,1.14,20,"DRD","Kayah State"
"Kayah","10","bawlakhae","1002","pharsaung","100202","maw chi(collection)","10020205","211","2787","palarse",10020205003,"31","31",308,308,NA,"palarse",97.1481224,18.8646621,386,386,0.0157,0.0151,5.5,5.88,1.14,20,"DRD","Kayah State"
"Kayah","10","bawlakhae","1002","pharsaung","100202","pharsaung(collection)","10020204","199","1806","papu",10020204003,"17","17",173,173,NA,"papu",97.3228242,18.8952208,217,217,0.0157,0.0151,5.5,5.88,1.14,20,"DRD","Kayah State"
"Kayah","10","bawlakhae","1002","pharsaung","100202","bahanlog","10020206","200","1950","pwado",10020206001,"10","10",55,55,NA,"pwado",97.0653386,18.8694152,69,69,0.0157,0.0151,5.5,5.88,1.14,20,"DRD","Kayah State"
"Kayah","10","bawlakhae","1002","pharsaung","100202","maw chi(collection)","10020205","211","2787","swapal",10020205002,"32","32",318,318,NA,"swapal",97.1646952,18.8885108,398,398,0.0157,0.0151,5.5,5.88,1.14,20,"DRD","Kayah State"
"Kayah","10","bawlakhae","1002","pharsaung","100202","mawchi","10020203","1232","12447","taung auk",10020203002,"450","450",4430,4430,NA,"taung auk",97.1715669,18.8100931,5550,5550,0.0157,0.0151,5.5,5.88,1.14,20,"DRD","Kayah State"
"Kayah","10","bawlakhae","1002","pharsaung","100202","mawchi","10020203","1232","12447","taung paw",10020203001,"426","426",4476,4476,NA,"taung paw",97.1510328,18.8206027,5608,5608,0.0157,0.0151,5.5,5.88,1.14,20,"DRD","Kayah State"
"Kayah","10","bawlakhae","1002","pharsaung","100202","pharsaung","10020201","65","895","taung paw ywa",10020201001,"38","38",456,456,NA,"taung paw ywa",97.3136081,18.8729889,571,571,0.0157,0.0151,5.5,5.88,1.14,20,"DRD","Kayah State"
"Kayah","10","bawlakhae","1002","pharsaung","100202","wanown","10020202","161","1743","wan own(kayha)",10020202001,"96","96",1229,1229,NA,"wan own(kayha)",97.349745,18.8708062,1540,1540,0.0157,0.0151,5.5,5.88,1.14,20,"DRD","Kayah State"
"Kayah","10","bawlakhae","1002","pharsaung","100202","wanown","10020202","161","1743","wan own(shan)",10020202002,"50","50",391,391,NA,"wan own(shan)",97.3506342,18.8622368,490,490,0.0157,0.0151,5.5,5.88,1.14,20,"DRD","Kayah State"
"Kayah","10","bawlakhae","1002","pharsaung","100202","maw chi(collection)","10020205","211","2787","ywa thedo",10020205005,"47","47",339,339,NA,"ywa thedo",97.2244382,18.8041107,425,425,0.0157,0.0151,5.5,5.88,1.14,20,"DRD","Kayah State"
"Kayah","10","bawlakhae","1002","pharsaung","100202","bahanlaw","10020206","200","1950","ywakagyi",10020205005,"17","17",195,195,NA,"ywakagyi",97.0899134,19.0019929,244,244,0.0157,0.0151,5.5,5.88,1.14,20,"DRD","Kayah State"
"Kayah","10","Loikaw","1001","Hpruso","100103","Maprawse","10010301","358","1908","Bawtahtaw",10010301003,"32","37",164,164,NA,"Bawtahtaw",97.1864918,19.346337,205,205,0.0157,0.0151,5.5,5.88,1.14,20,"DRD","Kayah State"
"Kayah","10","Loikaw","1001","Hpruso","100103","Hoya","10010313","377","2186","Biya",NA,"103","132",604,604,NA,"Biya",96.9780443,19.3569262,757,757,0.0157,0.0151,5.5,5.88,1.14,20,"DRD","Kayah State"
"Kayah","10","Loikaw","1001","Hpruso","100103","Mohso","10010305","297","1591","Dawhkrawhku",10010305003,"73","83",379,379,NA,"Dawhkrawhku",97.0729809,19.4012932,475,475,0.0157,0.0151,5.5,5.88,1.14,20,"DRD","Kayah State"
"Kayah","10","Loikaw","1001","Hpruso","100103","Kyelya","10010302","366","2076","Dawhkuli",10010302007,"21","24",113,113,NA,"Dawhkuli",97.2586022,19.3017856,142,142,0.0157,0.0151,5.5,5.88,1.14,20,"DRD","Kayah State"
"Kayah","10","Loikaw","1001","Hpruso","100103","Kyelya","10010302","366","2076","Dawlyahku",10010302001,"24","26",121,121,NA,"Dawlyahku",97.2024941,19.4272832,152,152,0.0157,0.0151,5.5,5.88,1.14,20,"DRD","Kayah State"
"Kayah","10","Loikaw","1001","Hpruso","100103","Mohso","10010305","297","1591","Dawmarhku",10010305007,"11","13",61,61,NA,"Dawmarhku",97.0588423,19.3432862,76,76,0.0157,0.0151,5.5,5.88,1.14,20,"DRD","Kayah State"
"Kayah","10","Loikaw","1001","Hpruso","100103","Htipawso","10010304","343","2087","Dawnyehku",10010304001,"36","42",203,203,NA,"Dawnyehku",97.1261926,19.4732267,254,254,0.0157,0.0151,5.5,5.88,1.14,20,"DRD","Kayah State"
"Kayah","10","Loikaw","1001","Hpruso","100103","Dawpre","10010306","229","1203","Dawpre",10010306002,"31","36",163,163,NA,"Dawpre",97.1259522,19.3644941,204,204,0.0157,0.0151,5.5,5.88,1.14,20,"DRD","Kayah State"
"Kayah","10","Loikaw","1001","Hpruso","100103","Maprawse","10010301","358","1908","Dawse",10010301005,"43","47",231,231,NA,"Dawse",97.2055966,19.3412884,289,289,0.0157,0.0151,5.5,5.88,1.14,20,"DRD","Kayah State"
"Kayah","10","Loikaw","1001","Hpruso","100103","Maprawse","10010301","358","1908","Dawsehku",10010301007,"41","46",204,204,NA,"Dawsehku",97.2052047,19.3280777,256,256,0.0157,0.0151,5.5,5.88,1.14,20,"DRD","Kayah State"
"Kayah","10","Loikaw","1001","Hpruso","100103","Kyelya","10010302","366","2076","Dawtakie",10010302002,"121","176",812,812,NA,"Dawtakie",97.2301416,19.4153569,1017,1017,0.0157,0.0151,5.5,5.88,1.14,20,"DRD","Kayah State"
"Kayah","10","Loikaw","1001","Hpruso","100103","Maprawse","10010301","358","1908","Dawtawhku",10010301001,"32","40",162,162,NA,"Dawtawhku",97.1967485,19.3745429,203,203,0.0157,0.0151,5.5,5.88,1.14,20,"DRD","Kayah State"
"Kayah","10","Loikaw","1001","Hpruso","100103","Mohso","10010305","297","1591","Dikuli",10010305002,"37","41",193,193,NA,"Dikuli",97.0938982,19.4087499,242,242,0.0157,0.0151,5.5,5.88,1.14,20,"DRD","Kayah State"
"Kayah","10","Loikaw","1001","Hpruso","100103","Tothipho","10010310","233","1345","Doka",10010310009,"21","27",143,143,NA,"Doka",96.9588281,19.0277935,179,179,0.0157,0.0151,5.5,5.88,1.14,20,"DRD","Kayah State"
"Kayah","10","Loikaw","1001","Hpruso","100103","Domusaw","10010309","303","1656","Domusaw",10010309002,"36","41",193,193,NA,"Domusaw",96.9726041,19.2403127,242,242,0.0157,0.0151,5.5,5.88,1.14,20,"DRD","Kayah State"
"Kayah","10","Loikaw","1001","Hpruso","100103","Hoya","10010313","377","2186","doraw(lower)",10010313006,"24","27",128,128,NA,"doraw(lower)",96.8977029,19.322496,160,160,0.0157,0.0151,5.5,5.88,1.14,20,"DRD","Kayah State"
"Kayah","10","Loikaw","1001","Hpruso","100103","Hoya","10010313","377","2186","Doraw(upper)",10010313008,"22","29",123,123,NA,"Doraw(upper)",96.9162716,19.3484149,154,154,0.0157,0.0151,5.5,5.88,1.14,20,"DRD","Kayah State"
"Kayah","10","Loikaw","1001","Hpruso","100103","Gekaw","10010311","302","1635","Gekaw",10010311005,"149","163",788,788,NA,"Gekaw",96.9324167,19.182313,987,987,0.0157,0.0151,5.5,5.88,1.14,20,"DRD","Kayah State"
"Kayah","10","Loikaw","1001","Hpruso","100103","Tolahso","10010307","277","1454","Hasahku",10010307006,"22","25",114,114,NA,"Hasahku",97.100158,19.2042571,143,143,0.0157,0.0151,5.5,5.88,1.14,20,"DRD","Kayah State"
"Kayah","10","Loikaw","1001","Hpruso","100103","Gekaw","10010311","302","1635","Himu",10010311003,"79","84",431,431,NA,"Himu",96.9664619,19.1408972,540,540,0.0157,0.0151,5.5,5.88,1.14,20,"DRD","Kayah State"
"Kayah","10","Loikaw","1001","Hpruso","100103","Domusaw","10010309","303","1656","Hkabe",10010309001,"73","87",391,391,NA,"Hkabe",96.9478599,19.2626877,490,490,0.0157,0.0151,5.5,5.88,1.14,20,"DRD","Kayah State"
"Kayah","10","Loikaw","1001","Hpruso","100103","Razpra","10010314","281","1443","Hkebe",10010314001,"63","71",319,319,NA,"Hkebe",97.0130547,19.3541183,400,400,0.0157,0.0151,5.5,5.88,1.14,20,"DRD","Kayah State"
"Kayah","10","Loikaw","1001","Hpruso","100103","Domusaw","10010309","303","1656","Hkikaw",10010309005,"75","86",392,392,NA,"Hkikaw",97.0314812,19.1985459,491,491,0.0157,0.0151,5.5,5.88,1.14,20,"DRD","Kayah State"
"Kayah","10","Loikaw","1001","Hpruso","100103","Tolahso","10010307","277","1454","hkohpe",10010307003,"11","13",58,58,NA,"hkohpe",97.1574072,19.2547489,73,73,0.0157,0.0151,5.5,5.88,1.14,20,"DRD","Kayah State"
"Kayah","10","Loikaw","1001","Hpruso","100103","Hpruso","10010303","430","2812","Hkosamaw",10010303003,"54","67",333,333,NA,"Hkosamaw",97.1715941,19.4374477,417,417,0.0157,0.0151,5.5,5.88,1.14,20,"DRD","Kayah State"
"Kayah","10","Loikaw","1001","Hpruso","100103","Razpra","10010314","281","1443","Hkrawhku",10010314005,"78","87",403,403,NA,"Hkrawhku",97.0424588,19.2579723,505,505,0.0157,0.0151,5.5,5.88,1.14,20,"DRD","Kayah State"
"Kayah","10","Loikaw","1001","Hpruso","100103","Hoya","10010313","377","2186","Homohti",10010313004,"16","18",88,88,NA,"Homohti",96.983309,19.3210383,110,110,0.0157,0.0151,5.5,5.88,1.14,20,"DRD","Kayah State"
"Kayah","10","Loikaw","1001","Hpruso","100103","Hoya","10010313","377","2186","Hoya",10010313002,"94","129",597,597,NA,"Hoya",96.9489129,19.3267418,748,748,0.0157,0.0151,5.5,5.88,1.14,20,"DRD","Kayah State"
"Kayah","10","Loikaw","1001","Hpruso","100103","Dawpre","10010306","229","1203","Hpuhkyaku",10010306008,"41","45",206,206,NA,"Hpuhkyaku",97.1701738,19.2832589,258,258,0.0157,0.0151,5.5,5.88,1.14,20,"DRD","Kayah State"
"Kayah","10","Loikaw","1001","Hpruso","100103","Htipawso","10010304","343","2087","Hsisawhku",10010304005,"78","102",493,493,NA,"Hsisawhku",97.1425856,19.4887809,618,618,0.0157,0.0151,5.5,5.88,1.14,20,"DRD","Kayah State"
"Kayah","10","Loikaw","1001","Hpruso","100103","Hsohku","10010308","445","2317","Hsohku",10010308001,"41","45",214,214,NA,"Hsohku",97.1642573,19.2415449,268,268,0.0157,0.0151,5.5,5.88,1.14,20,"DRD","Kayah State"
"Kayah","10","Loikaw","1001","Hpruso","100103","Rohtakho","10010312","352","1888","Htadume",10010312004,"51","57",271,271,NA,"Htadume",96.8676607,19.2301342,340,340,0.0157,0.0151,5.5,5.88,1.14,20,"DRD","Kayah State"
"Kayah","10","Loikaw","1001","Hpruso","100103","Maprawse","10010301","358","1908","Htale",10010301008,"86","97",483,483,NA,"Htale",97.2062889,19.2668197,605,605,0.0157,0.0151,5.5,5.88,1.14,20,"DRD","Kayah State"
"Kayah","10","Loikaw","1001","Hpruso","100103","Gekaw","10010311","302","1635","Htawthuhkaw",10010311006,"13","15",67,67,NA,"Htawthuhkaw",96.8959147,19.1802071,84,84,0.0157,0.0151,5.5,5.88,1.14,20,"DRD","Kayah State"
"Kayah","10","Loikaw","1001","Hpruso","100103","Hoya","10010313","377","2186","Htehku",10010313003,"20","64",134,134,NA,"Htehku",96.9790095,19.3343756,168,168,0.0157,0.0151,5.5,5.88,1.14,20,"DRD","Kayah State"
"Kayah","10","Loikaw","1001","Hpruso","100103","Dawpre","10010306","229","1203","Htelaso",10010306007,"11","12",62,62,NA,"Htelaso",97.1525867,19.3230732,78,78,0.0157,0.0151,5.5,5.88,1.14,20,"DRD","Kayah State"
"Kayah","10","Loikaw","1001","Hpruso","100103","Mohso","10010305","297","1591","Htiduku",10010305004,"71","81",366,366,NA,"Htiduku",97.1408655,19.3525828,459,459,0.0157,0.0151,5.5,5.88,1.14,20,"DRD","Kayah State"
"Kayah","10","Loikaw","1001","Hpruso","100103","Dawpre","10010306","229","1203","Htiduku",10010306003,"34","39",180,180,NA,"Htiduku",97.1408655,19.3525828,226,226,0.0157,0.0151,5.5,5.88,1.14,20,"DRD","Kayah State"
"Kayah","10","Loikaw","1001","Hpruso","100103","Hoya","10010313","377","2186","htihkudo",10010313007,"33","37",174,174,NA,"htihkudo",96.904777,19.3255133,218,218,0.0157,0.0151,5.5,5.88,1.14,20,"DRD","Kayah State"
"Kayah","10","Loikaw","1001","Hpruso","100103","Hpruso","10010303","430","2812","Htikhalukhal",10010303004,"68","82",473,473,NA,"Htikhalukhal",97.1543822,19.4470701,593,593,0.0157,0.0151,5.5,5.88,1.14,20,"DRD","Kayah State"
"Kayah","10","Loikaw","1001","Hpruso","100103","Domusaw","10010309","303","1656","Htilobu",10010309006,"57","59",334,334,NA,"Htilobu",96.9969095,19.191614,418,418,0.0157,0.0151,5.5,5.88,1.14,20,"DRD","Kayah State"
"Kayah","10","Loikaw","1001","Hpruso","100103","Htipawso","10010304","343","2087","Htipawso",10010304002,"46","47",254,254,NA,"Htipawso",97.1351374,19.476005,318,318,0.0157,0.0151,5.5,5.88,1.14,20,"DRD","Kayah State"
"Kayah","10","Loikaw","1001","Hpruso","100103","Mohso","10010305","297","1591","Htipho",10010305005,"18","21",94,94,NA,"Htipho",97.0421858,19.3643004,118,118,0.0157,0.0151,5.5,5.88,1.14,20,"DRD","Kayah State"
"Kayah","10","Loikaw","1001","Hpruso","100103","Kyelya","10010302","366","2076","Htisehku",10010302006,"57","69",311,311,NA,"Htisehku",97.2465403,19.3158803,390,390,0.0157,0.0151,5.5,5.88,1.14,20,"DRD","Kayah State"
"Kayah","10","Loikaw","1001","Hpruso","100103","Gekaw","10010311","302","1635","Htiwahka",10010311001,"14","17",72,72,NA,"Htiwahka",97.0011327,19.1128312,90,90,0.0157,0.0151,5.5,5.88,1.14,20,"DRD","Kayah State"
"Kayah","10","Loikaw","1001","Hpruso","100103","Tolahso","10010307","277","1454","Htohkwihso",10010307001,"81","93",424,424,NA,"Htohkwihso",97.0736593,19.3191353,531,531,0.0157,0.0151,5.5,5.88,1.14,20,"DRD","Kayah State"
"Kayah","10","Loikaw","1001","Hpruso","100103","Htipawso","10010304","343","2087","Kadala",10010304003,"31","39",176,176,NA,"Kadala",97.1543144,19.4856952,221,221,0.0157,0.0151,5.5,5.88,1.14,20,"DRD","Kayah State"
"Kayah","10","Loikaw","1001","Hpruso","100103","Hsohku","10010308","445","2317","Kalilya",10010308006,"38","42",191,191,NA,"Kalilya",97.193459,19.1637988,239,239,0.0157,0.0151,5.5,5.88,1.14,20,"DRD","Kayah State"
"Kayah","10","Loikaw","1001","Hpruso","100103","Hsohku","10010308","445","2317","Kalyalo",10010308003,"51","61",286,286,NA,"Kalyalo",97.1803485,19.2159342,358,358,0.0157,0.0151,5.5,5.88,1.14,20,"DRD","Kayah State"
"Kayah","10","Loikaw","1001","Hpruso","100103","Rohtakho","10010312","352","1888","Kathadu",10010312005,"23","29",146,146,NA,"Kathadu",96.8669587,19.2200435,183,183,0.0157,0.0151,5.5,5.88,1.14,20,"DRD","Kayah State"
"Kayah","10","Loikaw","1001","Hpruso","100103","Tothipho","10010310","233","1345","Kehki",10010310003,"37","43",201,201,NA,"Kehki",97.0071757,19.1346673,252,252,0.0157,0.0151,5.5,5.88,1.14,20,"DRD","Kayah State"
"Kayah","10","Loikaw","1001","Hpruso","100103","Domusaw","10010309","303","1656","Kilopra",10010309003,"38","43",199,199,NA,"Kilopra",97.0087552,19.2495259,249,249,0.0157,0.0151,5.5,5.88,1.14,20,"DRD","Kayah State"
"Kayah","10","Loikaw","1001","Hpruso","100103","Tolahso","10010307","277","1454","Kohso",10010307007,"18","21",97,97,NA,"Kohso",97.0721407,19.2000811,122,122,0.0157,0.0151,5.5,5.88,1.14,20,"DRD","Kayah State"
"Kayah","10","Loikaw","1001","Hpruso","100103","Hsohku","10010308","445","2317","Kopra",10010308009,"24","30",159,159,NA,"Kopra",97.1039588,19.2310994,199,199,0.0157,0.0151,5.5,5.88,1.14,20,"DRD","Kayah State"
"Kayah","10","Loikaw","1001","Hpruso","100103","Hsohku","10010308","445","2317","Kraw",10010308008,"31","36",177,177,NA,"Kraw",97.1327393,19.1942464,222,222,0.0157,0.0151,5.5,5.88,1.14,20,"DRD","Kayah State"
"Kayah","10","Loikaw","1001","Hpruso","100103","Kyelya","10010302","366","2076","Kyelya",10010302005,"71","82",357,357,NA,"Kyelya",97.2386797,19.3583002,447,447,0.0157,0.0151,5.5,5.88,1.14,20,"DRD","Kayah State"
"Kayah","10","Loikaw","1001","Hpruso","100103","Kyelya","10010302","366","2076","Lawbyaku",10010302003,"14","14",61,61,NA,"Lawbyaku",97.2100836,19.4027529,76,76,0.0157,0.0151,5.5,5.88,1.14,20,"DRD","Kayah State"
"Kayah","10","Loikaw","1001","Hpruso","100103","Kyelya","10010302","366","2076","Lawbyanye",10010302004,"58","63",301,301,NA,"Lawbyanye",97.2290573,19.3805265,377,377,0.0157,0.0151,5.5,5.88,1.14,20,"DRD","Kayah State"
"Kayah","10","Loikaw","1001","Hpruso","100103","Htipawso","10010304","343","2087","Lawhkawhku",10010304006,"89","121",592,592,NA,"Lawhkawhku",97.1149301,19.4701927,742,742,0.0157,0.0151,5.5,5.88,1.14,20,"DRD","Kayah State"
"Kayah","10","Loikaw","1001","Hpruso","100103","Hpruso","10010303","430","2812","Lawhkohku",10010303002,"126","153",804,804,NA,"Lawhkohku",97.1795901,19.4180674,1007,1007,0.0157,0.0151,5.5,5.88,1.14,20,"DRD","Kayah State"
"Kayah","10","Loikaw","1001","Hpruso","100103","Hpruso","10010303","430","2812","Lawsya",10010303001,"76","88",491,491,NA,"Lawsya",97.1535511,19.38855,615,615,0.0157,0.0151,5.5,5.88,1.14,20,"DRD","Kayah State"
"Kayah","10","Loikaw","1001","Hpruso","100103","Hoya","10010313","377","2186","Likupra",10010313005,"32","35",164,164,NA,"Likupra",96.9730428,19.2889236,205,205,0.0157,0.0151,5.5,5.88,1.14,20,"DRD","Kayah State"
"Kayah","10","Loikaw","1001","Hpruso","100103","Dawpre","10010306","229","1203","Lodawtanaw",10010306001,"51","58",261,261,NA,"Lodawtanaw",97.1251775,19.3814411,327,327,0.0157,0.0151,5.5,5.88,1.14,20,"DRD","Kayah State"
"Kayah","10","Loikaw","1001","Hpruso","100103","Tothipho","10010310","233","1345","Lomahko",10010310005,"13","15",69,69,NA,"Lomahko",97.0272694,19.1199261,86,86,0.0157,0.0151,5.5,5.88,1.14,20,"DRD","Kayah State"
"Kayah","10","Loikaw","1001","Hpruso","100103","Dawpre","10010306","229","1203","Lyadu",10010306006,"37","42",197,197,NA,"Lyadu",97.1483957,19.3327274,247,247,0.0157,0.0151,5.5,5.88,1.14,20,"DRD","Kayah State"
"Kayah","10","Loikaw","1001","Hpruso","100103","Maprawse","10010301","358","1908","Maprawse",10010301002,"43","48",216,216,NA,"Maprawse",97.1984077,19.3525212,271,271,0.0157,0.0151,5.5,5.88,1.14,20,"DRD","Kayah State"
"Kayah","10","Loikaw","1001","Hpruso","100103","Mohso","10010305","297","1591","Mawthido",10010305006,"23","32",146,146,NA,"Mawthido",97.039007,19.3550537,183,183,0.0157,0.0151,5.5,5.88,1.14,20,"DRD","Kayah State"
"Kayah","10","Loikaw","1001","Hpruso","100103","Mohso","10010305","297","1591","mohso",NA,"64","79",352,352,NA,"mohso",97.0854611,19.4215689,441,441,0.0157,0.0151,5.5,5.88,1.14,20,"DRD","Kayah State"
"Kayah","10","Loikaw","1001","Hpruso","100103","Hsohku","10010308","445","2317","Nahkwidu",10010308005,"30","35",176,176,NA,"Nahkwidu",97.1875956,19.1833833,221,221,0.0157,0.0151,5.5,5.88,1.14,20,"DRD","Kayah State"
"Kayah","10","Loikaw","1001","Hpruso","100103","Tothipho","10010310","233","1345","Nahpachi",10010310004,"22","29",146,146,NA,"Nahpachi",97.0370092,19.1241379,183,183,0.0157,0.0151,5.5,5.88,1.14,20,"DRD","Kayah State"
"Kayah","10","Loikaw","1001","Hpruso","100103","Htipawso","10010304","343","2087","Ngwedaung(ywathit)",10010304004,"63","68",369,369,NA,"Ngwedaung(ywathit)",97.1409945,19.512569,462,462,0.0157,0.0151,5.5,5.88,1.14,20,"DRD","Kayah State"
"Kayah","10","Loikaw","1001","Hpruso","100103","Maprawse","10010301","358","1908","Nkorahku",10010301004,"29","32",153,153,NA,"Nkorahku",97.190866,19.3415103,192,192,0.0157,0.0151,5.5,5.88,1.14,20,"DRD","Kayah State"
"Kayah","10","Loikaw","1001","Hpruso","100103","Tothipho","10010310","233","1345","Pihki",10010310002,"41","45",211,211,NA,"Pihki",97.0262165,19.1401075,264,264,0.0157,0.0151,5.5,5.88,1.14,20,"DRD","Kayah State"
"Kayah","10","Loikaw","1001","Hpruso","100103","Domusaw","10010309","303","1656","Plela",10010309004,"24","30",147,147,NA,"Plela",97.0414842,19.2203067,184,184,0.0157,0.0151,5.5,5.88,1.14,20,"DRD","Kayah State"
"Kayah","10","Loikaw","1001","Hpruso","100103","Hsohku","10010308","445","2317","Prasawhku",10010308002,"38","44",208,208,NA,"Prasawhku",97.1859988,19.2285246,261,261,0.0157,0.0151,5.5,5.88,1.14,20,"DRD","Kayah State"
"Kayah","10","Loikaw","1001","Hpruso","100103","Hsohku","10010308","445","2317","Prele",10010308004,"54","60",279,279,NA,"Prele",97.2100741,19.2007643,350,350,0.0157,0.0151,5.5,5.88,1.14,20,"DRD","Kayah State"
"Kayah","10","Loikaw","1001","Hpruso","100103","Tothipho","10010310","233","1345","Presawhku",10010310001,"11","13",59,59,NA,"Presawhku",97.0488548,19.150286,74,74,0.0157,0.0151,5.5,5.88,1.14,20,"DRD","Kayah State"
"Kayah","10","Loikaw","1001","Hpruso","100103","Maprawse","10010301","358","1908","Pretaw",10010301009,"24","29",146,146,NA,"Pretaw",97.2092707,19.2502421,183,183,0.0157,0.0151,5.5,5.88,1.14,20,"DRD","Kayah State"
"Kayah","10","Loikaw","1001","Hpruso","100103","Dawpre","10010306","229","1203","Pruso",10010306005,"14","16",73,73,NA,"Pruso",97.1376937,19.3310061,91,91,0.0157,0.0151,5.5,5.88,1.14,20,"DRD","Kayah State"
"Kayah","10","Loikaw","1001","Hpruso","100103","Razpra","10010314","281","1443","Razpra(lower)",10010314004,"38","42",192,192,NA,"Razpra(lower)",97.0199866,19.308754,241,241,0.0157,0.0151,5.5,5.88,1.14,20,"DRD","Kayah State"
"Kayah","10","Loikaw","1001","Hpruso","100103","Razpra","10010314","281","1443","Razpra(upper)",10010314002,"41","47",222,222,NA,"Razpra(upper)",97.0130547,19.3289354,278,278,0.0157,0.0151,5.5,5.88,1.14,20,"DRD","Kayah State"
"Kayah","10","Loikaw","1001","Hpruso","100103","Rohtakho","10010312","352","1888","Rohtakho",10010312003,"53","59",274,274,NA,"Rohtakho",96.8756455,19.2605818,343,343,0.0157,0.0151,5.5,5.88,1.14,20,"DRD","Kayah State"
"Kayah","10","Loikaw","1001","Hpruso","100103","Tothipho","10010310","233","1345","Sawdoko",10010310008,"23","29",143,143,NA,"Sawdoko",96.9542653,19.0354274,179,179,0.0157,0.0151,5.5,5.88,1.14,20,"DRD","Kayah State"
"Kayah","10","Loikaw","1001","Hpruso","100103","Gekaw","10010311","302","1635","Sawpalihko",10010311004,"30","37",188,188,NA,"Sawpalihko",96.9600565,19.1484433,236,236,0.0157,0.0151,5.5,5.88,1.14,20,"DRD","Kayah State"
"Kayah","10","Loikaw","1001","Hpruso","100103","Gekaw","10010311","302","1635","Shawle",10010311002,"17","19",89,89,NA,"Shawle",96.9613727,19.1358957,112,112,0.0157,0.0151,5.5,5.88,1.14,20,"DRD","Kayah State"
"Kayah","10","Loikaw","1001","Hpruso","100103","Rohtakho","10010312","352","1888","Sikihkaw",10010312006,"43","47",216,216,NA,"Sikihkaw",96.876523,19.1981072,271,271,0.0157,0.0151,5.5,5.88,1.14,20,"DRD","Kayah State"
"Kayah","10","Loikaw","1001","Hpruso","100103","Rohtakho","10010312","352","1888","Sohtakho",10010312002,"153","173",819,819,NA,"Sohtakho",96.8878421,19.2696196,1026,1026,0.0157,0.0151,5.5,5.88,1.14,20,"DRD","Kayah State"
"Kayah","10","Loikaw","1001","Hpruso","100103","Hpruso","10010303","430","2812","Solyahku",10010303005,"106","140",711,711,NA,"Solyahku",97.1093172,19.4534078,891,891,0.0157,0.0151,5.5,5.88,1.14,20,"DRD","Kayah State"
"Kayah","10","Loikaw","1001","Hpruso","100103","Tolahso","10010307","277","1454","Talehkre",10010307005,"36","39",181,181,NA,"Talehkre",97.070774,19.2398671,227,227,0.0157,0.0151,5.5,5.88,1.14,20,"DRD","Kayah State"
"Kayah","10","Loikaw","1001","Hpruso","100103","Hoya","10010313","377","2186","Tamohko",10010313009,"33","39",174,174,NA,"Tamohko",96.9252216,19.3754404,218,218,0.0157,0.0151,5.5,5.88,1.14,20,"DRD","Kayah State"
"Kayah","10","Loikaw","1001","Hpruso","100103","Maprawse","10010301","358","1908","Tanawkalaw",10010301006,"28","32",149,149,NA,"Tanawkalaw",97.2138784,19.3332277,187,187,0.0157,0.0151,5.5,5.88,1.14,20,"DRD","Kayah State"
"Kayah","10","Loikaw","1001","Hpruso","100103","Hsohku","10010308","445","2317","Tawhku",10010308007,"138","161",756,756,NA,"Tawhku",97.1616952,19.1708184,947,947,0.0157,0.0151,5.5,5.88,1.14,20,"DRD","Kayah State"
"Kayah","10","Loikaw","1001","Hpruso","100103","Tolahso","10010307","277","1454","Tikule",10010307002,"43","49",228,228,NA,"Tikule",97.0927171,19.2782104,286,286,0.0157,0.0151,5.5,5.88,1.14,20,"DRD","Kayah State"
"Kayah","10","Loikaw","1001","Hpruso","100103","Tolahso","10010307","277","1454","Tolahso",10010307008,"39","44",203,203,NA,"Tolahso",97.0692555,19.2789697,254,254,0.0157,0.0151,5.5,5.88,1.14,20,"DRD","Kayah State"
"Kayah","10","Loikaw","1001","Hpruso","100103","Tothipho","10010310","233","1345","Toma",10010310006,"31","37",176,176,NA,"Toma",97.0086674,19.1036055,221,221,0.0157,0.0151,5.5,5.88,1.14,20,"DRD","Kayah State"
"Kayah","10","Loikaw","1001","Hpruso","100103","Tothipho","10010310","233","1345","Tothipho",10010310007,"34","40",191,191,NA,"Tothipho",96.9742713,19.0874603,239,239,0.0157,0.0151,5.5,5.88,1.14,20,"DRD","Kayah State"
"Kayah","10","Loikaw","1001","Hpruso","100103","Dawpre","10010306","229","1203","Wasudaw",10010306004,"10","12",61,61,NA,"Wasudaw",97.1356362,19.3420273,76,76,0.0157,0.0151,5.5,5.88,1.14,20,"DRD","Kayah State"
"Kayah","10","Loikaw","1001","Hpruso","100103","Tolahso","10010307","277","1454","Yarpahko",10010307004,"27","31",149,149,NA,"Yarpahko",97.0783668,19.2479154,187,187,0.0157,0.0151,5.5,5.88,1.14,20,"DRD","Kayah State"
"Kayah","10","Loikaw","1001","Hpruso","100103","Razpra","10010314","281","1443","Zelya",10010314003,"61","69",307,307,NA,"Zelya",97.0266552,19.2761127,385,385,0.0157,0.0151,5.5,5.88,1.14,20,"DRD","Kayah State"
"Kayah","10","Loikaw","1001","Loikaw","100101","Hteetanga","10010101","0","0","Hti-ta-nga",10010101001,"34","34",172,172,NA,"Hti-ta-nga",97.4118812,19.4272693,215,215,0.0157,0.0151,5.5,5.88,1.14,20,"DRD","Kayah State"
"Kayah","10","Loikaw","1001","Loikaw","100101","Hteetanga","10010101","0","0","Daw-hku-le",10010101002,"14","14",0,0,NA,"Daw-hku-le",97.3613394,19.5167958,0,0,0.0157,0.0151,5.5,5.88,1.14,20,"DRD","Kayah State"
"Kayah","10","Loikaw","1001","Loikaw","100101","Hteetanga","10010101","0","0","Daw-hsaw-le",10010101003,"18","18",0,0,NA,"Daw-hsaw-le",97.3512134,19.535858,0,0,0.0157,0.0151,5.5,5.88,1.14,20,"DRD","Kayah State"
"Kayah","10","Loikaw","1001","Loikaw","100101","Hteetanga","10010101","0","0","Daw-lya-le",10010101004,"12","12",0,0,NA,"Daw-lya-le",97.4621097,19.4413173,0,0,0.0157,0.0151,5.5,5.88,1.14,20,"DRD","Kayah State"
"Kayah","10","Loikaw","1001","Loikaw","100101","Hteetanga","10010101","0","0","Daw-hay-so",10010101005,"30","30",0,0,NA,"Daw-hay-so",97.4707994,19.4683186,0,0,0.0157,0.0151,5.5,5.88,1.14,20,"DRD","Kayah State"
"Kayah","10","Loikaw","1001","Loikaw","100101","Hteetanga","10010101","0","0","Wan-ta-hku",10010101006,"23","23",0,0,NA,"Wan-ta-hku",97.4588591,19.3493608,0,0,0.0157,0.0151,5.5,5.88,1.14,20,"DRD","Kayah State"
"Kayah","10","Loikaw","1001","Loikaw","100101","Lawpita","10010102","1712","6403","Law-pi-ta",10010102001,"205","205",575,575,NA,"Law-pi-ta",97.3298952,19.5480079,720,720,0.0157,0.0151,5.5,5.88,1.14,20,"DRD","Kayah State"
"Kayah","10","Loikaw","1001","Loikaw","100101","Lawpita","10010102","1712","6403","Law-pi-ta(shan)",10010102002,"216","216",1012,1012,NA,"Law-pi-ta(shan)",97.3221339,19.553255,1268,1268,0.0157,0.0151,5.5,5.88,1.14,20,"DRD","Kayah State"
"Kayah","10","Loikaw","1001","Loikaw","100101","Lawpita","10010102","1712","6403","Kyauk-taung",10010102003,"45","45",202,202,NA,"Kyauk-taung",97.3214783,19.5409022,253,253,0.0157,0.0151,5.5,5.88,1.14,20,"DRD","Kayah State"
"Kayah","10","Loikaw","1001","Loikaw","100101","Lawpita","10010102","1712","6403","Law-da-lay",10010102004,"378","378",1172,1172,NA,"Law-da-lay",97.3389683,19.5343435,1468,1468,0.0157,0.0151,5.5,5.88,1.14,20,"DRD","Kayah State"
"Kayah","10","Loikaw","1001","Loikaw","100101","Lawpita","10010102","1712","6403","Kan-ni",10010102005,"50","50",142,142,NA,"Kan-ni",97.3141679,19.5492785,178,178,0.0157,0.0151,5.5,5.88,1.14,20,"DRD","Kayah State"
"Kayah","10","Loikaw","1001","Loikaw","100101","Lawpita","10010102","1712","6403","Law-ka-htu",10010102006,"115","115",502,502,NA,"Law-ka-htu",97.3151515,19.5619592,629,629,0.0157,0.0151,5.5,5.88,1.14,20,"DRD","Kayah State"
"Kayah","10","Loikaw","1001","Loikaw","100101","Lawpita","10010102","1712","6403","No(1)project(lower)",10010102007,"140","140",415,415,NA,"No(1)project(lower)",97.3133151,19.5582503,520,520,0.0157,0.0151,5.5,5.88,1.14,20,"DRD","Kayah State"
"Kayah","10","Loikaw","1001","Loikaw","100101","Lawpita","10010102","1712","6403","No(1)project(upper)",10010102008,"140","140",415,415,NA,"No(1)project(upper)",97.3129267,19.556089,520,520,0.0157,0.0151,5.5,5.88,1.14,20,"DRD","Kayah State"
"Kayah","10","Loikaw","1001","Loikaw","100101","Lawpita","10010102","1712","6403","10mile",10010102009,"90","90",820,820,NA,"10mile",97.3105604,19.5596635,1027,1027,0.0157,0.0151,5.5,5.88,1.14,20,"DRD","Kayah State"
"Kayah","10","Loikaw","1001","Loikaw","100101","Lawpita","10010102","1712","6403","So-la-sal",10010102010,"133","133",450,450,NA,"So-la-sal",97.305204,19.5672062,564,564,0.0157,0.0151,5.5,5.88,1.14,20,"DRD","Kayah State"
"Kayah","10","Loikaw","1001","Loikaw","100101","Lawpita","10010102","1712","6403","Mai-kang",10010102011,"105","105",542,542,NA,"Mai-kang",97.3059687,19.5937701,679,679,0.0157,0.0151,5.5,5.88,1.14,20,"DRD","Kayah State"
"Kayah","10","Loikaw","1001","Loikaw","100101","Ma-htur-hku","10010103","347","1513","Ma-htu-hku(upper)",10010103001,"","",145,145,NA,"Ma-htu-hku(upper)",97.2901182,19.611807,182,182,0.0157,0.0151,5.5,5.88,1.14,20,"DRD","Kayah State"
"Kayah","10","Loikaw","1001","Loikaw","100101","Ma-htur-hku","10010103","347","1513","Ma-htu-hku(lower)",10010103002,"","",278,278,NA,"Ma-htu-hku(lower)",97.2897903,19.6072157,348,348,0.0157,0.0151,5.5,5.88,1.14,20,"DRD","Kayah State"
"Kayah","10","Loikaw","1001","Loikaw","100101","Ma-htur-hku","10010103","347","1513","Daw-la-li",10010103003,"","",75,75,NA,"Daw-la-li",97.3094659,19.6331241,94,94,0.0157,0.0151,5.5,5.88,1.14,20,"DRD","Kayah State"
"Kayah","10","Loikaw","1001","Loikaw","100101","Ma-htur-hku","10010103","347","1513","Wan-kum",10010103004,"","",207,207,NA,"Wan-kum",97.301486,19.6421972,259,259,0.0157,0.0151,5.5,5.88,1.14,20,"DRD","Kayah State"
"Kayah","10","Loikaw","1001","Loikaw","100101","Ma-htur-hku","10010103","347","1513","Yea-ni-kan",10010103005,"","",175,175,NA,"Yea-ni-kan",97.2507656,19.6332324,219,219,0.0157,0.0151,5.5,5.88,1.14,20,"DRD","Kayah State"
"Kayah","10","Loikaw","1001","Loikaw","100101","Ma-htur-hku","10010103","347","1513","Ta-ta-plu",10010103006,"","",133,133,NA,"Ta-ta-plu",97.2630085,19.630281,167,167,0.0157,0.0151,5.5,5.88,1.14,20,"DRD","Kayah State"
"Kayah","10","Loikaw","1001","Loikaw","100101","Ma-htur-hku","10010103","347","1513","Zayat-hpu",10010103007,"","",290,290,NA,"Zayat-hpu",97.257106,19.6125717,363,363,0.0157,0.0151,5.5,5.88,1.14,20,"DRD","Kayah State"
"Kayah","10","Loikaw","1001","Loikaw","100101","Ma-htur-hku","10010103","347","1513","4mile-Sanpya",10010103008,"","",210,210,NA,"4mile-Sanpya",97.2632275,19.6130091,263,263,0.0157,0.0151,5.5,5.88,1.14,20,"DRD","Kayah State"
"Kayah","10","Loikaw","1001","Loikaw","100101","Pankang","10010104","763","4381","Pan-kang",10010104001,"","",606,606,NA,"Pan-kang",97.2078061,19.633013,759,759,0.0157,0.0151,5.5,5.88,1.14,20,"DRD","Kayah State"
"Kayah","10","Loikaw","1001","Loikaw","100101","Pankang","10010104","763","4381","Htu-du-ngan-tha",10010104002,"","",450,450,NA,"Htu-du-ngan-tha",97.2067128,19.6429608,564,564,0.0157,0.0151,5.5,5.88,1.14,20,"DRD","Kayah State"
"Kayah","10","Loikaw","1001","Loikaw","100101","Pankang","10010104","763","4381","Ywa-dan-shae",10010104003,"","",606,606,NA,"Ywa-dan-shae",97.2059474,19.6538924,759,759,0.0157,0.0151,5.5,5.88,1.14,20,"DRD","Kayah State"
"Kayah","10","Loikaw","1001","Loikaw","100101","Pankang","10010104","763","4381","Saight-kung-3",10010104004,"","",226,226,NA,"Saight-kung-3",97.1957817,19.6393532,283,283,0.0157,0.0151,5.5,5.88,1.14,20,"DRD","Kayah State"
"Kayah","10","Loikaw","1001","Loikaw","100101","Pankang","10010104","763","4381","Sun-born",10010104005,"","",117,117,NA,"Sun-born",97.2179721,19.6327946,147,147,0.0157,0.0151,5.5,5.88,1.14,20,"DRD","Kayah State"
"Kayah","10","Loikaw","1001","Loikaw","100101","Pankang","10010104","763","4381","Nam-baw-wan(shan)",10010104006,"","",310,310,NA,"Nam-baw-wan(shan)",97.2211416,19.6583746,388,388,0.0157,0.0151,5.5,5.88,1.14,20,"DRD","Kayah State"
"Kayah","10","Loikaw","1001","Loikaw","100101","Pankang","10010104","763","4381","Nam-baw-wan(gorakha)",10010104007,"","",478,478,NA,"Nam-baw-wan(gorakha)",97.2227968,19.654708,599,599,0.0157,0.0151,5.5,5.88,1.14,20,"DRD","Kayah State"
"Kayah","10","Loikaw","1001","Loikaw","100101","Pankang","10010104","763","4381","Acra-500",10010104008,"","",631,631,NA,"Acra-500",97.2323436,19.6479774,791,791,0.0157,0.0151,5.5,5.88,1.14,20,"DRD","Kayah State"
"Kayah","10","Loikaw","1001","Loikaw","100101","Pankang","10010104","763","4381","Mong-pya",10010104009,"","",558,558,NA,"Mong-pya",97.179947,19.667876,699,699,0.0157,0.0151,5.5,5.88,1.14,20,"DRD","Kayah State"
"Kayah","10","Loikaw","1001","Loikaw","100101","Kyi-kai","10010105","881","5140","Htay-tha-ma",10010105001,"","",1252,1252,NA,"Htay-tha-ma",97.2274996,19.6873688,1569,1569,0.0157,0.0151,5.5,5.88,1.14,20,"DRD","Kayah State"
"Kayah","10","Loikaw","1001","Loikaw","100101","Kyi-kai","10010105","881","5140","Daw-hsaw-pi",10010105002,"","",607,607,NA,"Daw-hsaw-pi",97.233234,19.6895746,760,760,0.0157,0.0151,5.5,5.88,1.14,20,"DRD","Kayah State"
"Kayah","10","Loikaw","1001","Loikaw","100101","Kyi-kai","10010105","881","5140","Daw-glo-hku",10010105003,"","",339,339,NA,"Daw-glo-hku",97.2387906,19.6844465,425,425,0.0157,0.0151,5.5,5.88,1.14,20,"DRD","Kayah State"
"Kayah","10","Loikaw","1001","Loikaw","100101","Kyi-kai","10010105","881","5140","Nan-kut",10010105004,"","",572,572,NA,"Nan-kut",97.237599,19.6775933,717,717,0.0157,0.0151,5.5,5.88,1.14,20,"DRD","Kayah State"
"Kayah","10","Loikaw","1001","Loikaw","100101","Kyi-kai","10010105","881","5140","Daw-mu-kalar",10010105005,"","",217,217,NA,"Daw-mu-kalar",97.2460399,19.724274,272,272,0.0157,0.0151,5.5,5.88,1.14,20,"DRD","Kayah State"
"Kayah","10","Loikaw","1001","Loikaw","100101","Kyi-kai","10010105","881","5140","Pa-kye",10010105006,"","",351,351,NA,"Pa-kye",97.2587522,19.7361927,440,440,0.0157,0.0151,5.5,5.88,1.14,20,"DRD","Kayah State"
"Kayah","10","Loikaw","1001","Loikaw","100101","Kyi-kai","10010105","881","5140","Pa-kye(sanpya)",10010105007,"","",506,506,NA,"Pa-kye(sanpya)",97.2546389,19.7400739,634,634,0.0157,0.0151,5.5,5.88,1.14,20,"DRD","Kayah State"
"Kayah","10","Loikaw","1001","Loikaw","100101","Kyi-kai","10010105","881","5140","Phar-ti-mar",10010105008,"","",356,356,NA,"Phar-ti-mar",97.2363069,19.7262603,446,446,0.0157,0.0151,5.5,5.88,1.14,20,"DRD","Kayah State"
"Kayah","10","Loikaw","1001","Loikaw","100101","Kyi-kai","10010105","881","5140","Lwal-tamu-kong",10010105009,"","",364,364,NA,"Lwal-tamu-kong",97.221509,19.7186124,456,456,0.0157,0.0151,5.5,5.88,1.14,20,"DRD","Kayah State"
"Kayah","10","Loikaw","1001","Loikaw","100101","Kyi-kai","10010105","881","5140","Daw-ta-cha",10010105010,"","",572,572,NA,"Daw-ta-cha",97.272062,19.6560414,717,717,0.0157,0.0151,5.5,5.88,1.14,20,"DRD","Kayah State"
"Kayah","10","Loikaw","1001","Loikaw","100101","Pa-lao","","192","1025","Pa-lao",10010106001,"","",227,227,NA,"Pa-lao",97.3848849,19.6690543,284,284,0.0157,0.0151,5.5,5.88,1.14,20,"DRD","Kayah State"
"Kayah","10","Loikaw","1001","Loikaw","100101","Pa-lao","","192","1025","Daw-kayaw-hku",10010106002,"","",364,364,NA,"Daw-kayaw-hku",97.377436,19.680774,456,456,0.0157,0.0151,5.5,5.88,1.14,20,"DRD","Kayah State"
"Kayah","10","Loikaw","1001","Loikaw","100101","Pa-lao","","192","1025","Dawkle-tegyi",10010106003,"","",149,149,NA,"Dawkle-tegyi",97.3783297,19.6873291,187,187,0.0157,0.0151,5.5,5.88,1.14,20,"DRD","Kayah State"
"Kayah","10","Loikaw","1001","Loikaw","100101","Pa-lao","","192","1025","Daw-hse",10010106004,"","",116,116,NA,"Daw-hse",97.3785962,19.6662822,145,145,0.0157,0.0151,5.5,5.88,1.14,20,"DRD","Kayah State"
"Kayah","10","Loikaw","1001","Loikaw","100101","Pa-lao","","192","1025","Dawkle-tenga",10010106005,"","",175,175,NA,"Dawkle-tenga",97.3764281,19.6837151,219,219,0.0157,0.0151,5.5,5.88,1.14,20,"DRD","Kayah State"
"Kayah","10","Loikaw","1001","Loikaw","100101","Pa-lao","","192","1025","Daw-ta-yoe",10010106006,"","",145,145,NA,"Daw-ta-yoe",97.3809444,19.6713405,182,182,0.0157,0.0151,5.5,5.88,1.14,20,"DRD","Kayah State"
"Kayah","10","Loikaw","1001","Loikaw","100101","Pa-lao","","192","1025","Hsu-hpe-law",10010106007,"","",64,64,NA,"Hsu-hpe-law",97.4477498,19.787048,80,80,0.0157,0.0151,5.5,5.88,1.14,20,"DRD","Kayah State"
"Kayah","10","Loikaw","1001","Loikaw","100101","Daw-paw-gle","10010107","465","2631","Htay-ngalya",10010107001,"","",986,986,NA,"Htay-ngalya",97.1859046,19.693732,1235,1235,0.0157,0.0151,5.5,5.88,1.14,20,"DRD","Kayah State"
"Kayah","10","Loikaw","1001","Loikaw","100101","Daw-paw-gle","10010107","465","2631","Bar-do",10010107002,"","",545,545,NA,"Bar-do",97.1871959,19.6858857,683,683,0.0157,0.0151,5.5,5.88,1.14,20,"DRD","Kayah State"
"Kayah","10","Loikaw","1001","Loikaw","100101","Daw-paw-gle","10010107","465","2631","Daw-hsawli",10010107003,"","",183,183,NA,"Daw-hsawli",97.1670346,19.6923412,229,229,0.0157,0.0151,5.5,5.88,1.14,20,"DRD","Kayah State"
"Kayah","10","Loikaw","1001","Loikaw","100101","Daw-paw-gle","10010107","465","2631","Hpya-ni",10010107004,"","",446,446,NA,"Hpya-ni",97.1340613,19.7097217,559,559,0.0157,0.0151,5.5,5.88,1.14,20,"DRD","Kayah State"
"Kayah","10","Loikaw","1001","Loikaw","100101","Daw-paw-gle","10010107","465","2631","Daw-paw-gle(nge)",10010107005,"","",255,255,NA,"Daw-paw-gle(nge)",97.1567056,19.6964132,319,319,0.0157,0.0151,5.5,5.88,1.14,20,"DRD","Kayah State"
"Kayah","10","Loikaw","1001","Loikaw","100101","Daw-paw-gle","10010107","465","2631","Daw-paw-gle(gyi)",10010107006,"","",216,216,NA,"Daw-paw-gle(gyi)",97.1544212,19.7048554,271,271,0.0157,0.0151,5.5,5.88,1.14,20,"DRD","Kayah State"
"Kayah","10","Loikaw","1001","Loikaw","100101","No-ko","10010108","307","1285","No-ko(sanpya)",10010108001,"","",160,160,NA,"No-ko(sanpya)",97.1575989,19.7274011,200,200,0.0157,0.0151,5.5,5.88,1.14,20,"DRD","Kayah State"
"Kayah","10","Loikaw","1001","Loikaw","100101","No-ko","10010108","307","1285","Daw-hsaw-le",10010108002,"","",262,262,NA,"Daw-hsaw-le",97.1575542,19.734954,328,328,0.0157,0.0151,5.5,5.88,1.14,20,"DRD","Kayah State"
"Kayah","10","Loikaw","1001","Loikaw","100101","No-ko","10010108","307","1285","No-ko(yoar-ma)",10010108003,"","",118,118,NA,"No-ko(yoar-ma)",97.1456812,19.7137941,148,148,0.0157,0.0151,5.5,5.88,1.14,20,"DRD","Kayah State"
"Kayah","10","Loikaw","1001","Loikaw","100101","No-ko","10010108","307","1285","Ye-yo",10010108004,"","",139,139,NA,"Ye-yo",97.1806098,19.7114445,174,174,0.0157,0.0151,5.5,5.88,1.14,20,"DRD","Kayah State"
"Kayah","10","Loikaw","1001","Loikaw","100101","No-ko","10010108","307","1285","Daw-hse",10010108005,"","",75,75,NA,"Daw-hse",97.1896781,19.7239255,94,94,0.0157,0.0151,5.5,5.88,1.14,20,"DRD","Kayah State"
"Kayah","10","Loikaw","1001","Loikaw","100101","No-ko","10010108","307","1285","Daw-lo-hse",10010108006,"","",118,118,NA,"Daw-lo-hse",97.1423132,19.7444317,148,148,0.0157,0.0151,5.5,5.88,1.14,20,"DRD","Kayah State"
"Kayah","10","Loikaw","1001","Loikaw","100101","No-ko","10010108","307","1285","Hsawhkyi-daw",10010108007,"","",263,263,NA,"Hsawhkyi-daw",97.1373383,19.7304797,330,330,0.0157,0.0151,5.5,5.88,1.14,20,"DRD","Kayah State"
"Kayah","10","Loikaw","1001","Loikaw","100101","No-ko","10010108","307","1285","La-hkra-nga-hku",10010108008,"","",150,150,NA,"La-hkra-nga-hku",97.1354514,19.7245205,188,188,0.0157,0.0151,5.5,5.88,1.14,20,"DRD","Kayah State"
"Kayah","10","Loikaw","1001","Loikaw","100101","Noar-la-wo","10010109","1139","4474","Byar-ka-ne",10010109001,"","",98,98,NA,"Byar-ka-ne",97.2181065,19.7204783,123,123,0.0157,0.0151,5.5,5.88,1.14,20,"DRD","Kayah State"
"Kayah","10","Loikaw","1001","Loikaw","100101","Noar-la-wo","10010109","1139","4474","Hti-ye",10010109002,"","",170,170,NA,"Hti-ye",97.1909105,19.7634615,213,213,0.0157,0.0151,5.5,5.88,1.14,20,"DRD","Kayah State"
"Kayah","10","Loikaw","1001","Loikaw","100101","Noar-la-wo","10010109","1139","4474","3mile(sanpya)",10010109003,"","",90,90,NA,"3mile(sanpya)",97.2183804,19.7263096,113,113,0.0157,0.0151,5.5,5.88,1.14,20,"DRD","Kayah State"
"Kayah","10","Loikaw","1001","Loikaw","100101","Noar-la-wo","10010109","1139","4474","Aung-tha-pay-kong",10010109004,"","",260,260,NA,"Aung-tha-pay-kong",97.2163895,19.7916812,326,326,0.0157,0.0151,5.5,5.88,1.14,20,"DRD","Kayah State"
"Kayah","10","Loikaw","1001","Loikaw","100101","Noar-la-wo","10010109","1139","4474","Karan-kyat-hku",10010109005,"","",90,90,NA,"Karan-kyat-hku",97.2154479,19.7517052,113,113,0.0157,0.0151,5.5,5.88,1.14,20,"DRD","Kayah State"
"Kayah","10","Loikaw","1001","Loikaw","100101","Noar-la-wo","10010109","1139","4474","Lin-hpun-lay(lower)",10010109006,"","",346,346,NA,"Lin-hpun-lay(lower)",97.1892244,19.7435379,433,433,0.0157,0.0151,5.5,5.88,1.14,20,"DRD","Kayah State"
"Kayah","10","Loikaw","1001","Loikaw","100101","Noar-la-wo","10010109","1139","4474","Kyauk-gyi-taung",10010109007,"","",147,147,NA,"Kyauk-gyi-taung",97.2164559,19.7960176,184,184,0.0157,0.0151,5.5,5.88,1.14,20,"DRD","Kayah State"
"Kayah","10","Loikaw","1001","Loikaw","100101","Noar-la-wo","10010109","1139","4474","Lin-hpun-lay(upper)",10010109008,"","",264,264,NA,"Lin-hpun-lay(upper)",97.1891656,19.7463415,331,331,0.0157,0.0151,5.5,5.88,1.14,20,"DRD","Kayah State"
"Kayah","10","Loikaw","1001","Loikaw","100101","Noar-la-wo","10010109","1139","4474","Karan-tharyar(south)",10010109009,"","",387,387,NA,"Karan-tharyar(south)",97.2118055,19.791793,485,485,0.0157,0.0151,5.5,5.88,1.14,20,"DRD","Kayah State"
"Kayah","10","Loikaw","1001","Loikaw","100101","Noar-la-wo","10010109","1139","4474","Karan-tharyar(north)",10010109010,"","",195,195,NA,"Karan-tharyar(north)",97.2142522,19.7985344,244,244,0.0157,0.0151,5.5,5.88,1.14,20,"DRD","Kayah State"
"Kayah","10","Loikaw","1001","Loikaw","100101","Noar-la-wo","10010109","1139","4474","Mhay-ni-kong",10010109011,"","",251,251,NA,"Mhay-ni-kong",97.2089699,19.7137696,314,314,0.0157,0.0151,5.5,5.88,1.14,20,"DRD","Kayah State"
"Kayah","10","Loikaw","1001","Loikaw","100101","Noar-la-wo","10010109","1139","4474","Htay-palaw-hku",10010109012,"","",264,264,NA,"Htay-palaw-hku",97.2000949,19.7271445,331,331,0.0157,0.0151,5.5,5.88,1.14,20,"DRD","Kayah State"
"Kayah","10","Loikaw","1001","Loikaw","100101","Noar-la-wo","10010109","1139","4474","Daw-khor-hku",10010109013,"","",197,197,NA,"Daw-khor-hku",97.1965352,19.7349902,247,247,0.0157,0.0151,5.5,5.88,1.14,20,"DRD","Kayah State"
"Kayah","10","Loikaw","1001","Loikaw","100101","Noar-la-wo","10010109","1139","4474","Lael-twe",10010109014,"","",435,435,NA,"Lael-twe",97.2283963,19.7649571,545,545,0.0157,0.0151,5.5,5.88,1.14,20,"DRD","Kayah State"
"Kayah","10","Loikaw","1001","Loikaw","100101","Noar-la-wo","10010109","1139","4474","Padange",10010109015,"","",275,275,NA,"Padange",97.217089,19.7415553,345,345,0.0157,0.0151,5.5,5.88,1.14,20,"DRD","Kayah State"
"Kayah","10","Loikaw","1001","Loikaw","100101","Noar-la-wo","10010109","1139","4474","Noar-la-wo",10010109016,"","",376,376,NA,"Noar-la-wo",97.2109309,19.7663852,471,471,0.0157,0.0151,5.5,5.88,1.14,20,"DRD","Kayah State"
"Kayah","10","Loikaw","1001","Loikaw","100101","Noar-la-wo","10010109","1139","4474","Noar-la-wo(sanpya)",10010109017,"","",427,427,NA,"Noar-la-wo(sanpya)",97.2116262,19.7627104,535,535,0.0157,0.0151,5.5,5.88,1.14,20,"DRD","Kayah State"
"Kayah","10","Loikaw","1001","Loikaw","100101","Noar-la-wo","10010109","1139","4474","Htee-thu-kull",10010109018,"","",202,202,NA,"Htee-thu-kull",97.214713,19.7571373,253,253,0.0157,0.0151,5.5,5.88,1.14,20,"DRD","Kayah State"
"Kayah","10","Loikaw","1001","Loikaw","100101","Kong-thar","10010110","625","3807","Kong-hsa",10010110001,"","",1321,1321,NA,"Kong-hsa",97.1560091,19.7634047,1655,1655,0.0157,0.0151,5.5,5.88,1.14,20,"DRD","Kayah State"
"Kayah","10","Loikaw","1001","Loikaw","100101","Kong-thar","10010110","625","3807","Wa-saung",10010110002,"","",638,638,NA,"Wa-saung",97.1559587,19.7492182,799,799,0.0157,0.0151,5.5,5.88,1.14,20,"DRD","Kayah State"
"Kayah","10","Loikaw","1001","Loikaw","100101","Kong-thar","10010110","625","3807","War-yi-kall-hku",10010110004,"","",784,784,NA,"War-yi-kall-hku",97.1435359,19.7608159,982,982,0.0157,0.0151,5.5,5.88,1.14,20,"DRD","Kayah State"
"Kayah","10","Loikaw","1001","Loikaw","100101","Kong-thar","10010110","625","3807","Piking-kall-hku",10010110005,"","",309,309,NA,"Piking-kall-hku",97.1354939,19.7564348,387,387,0.0157,0.0151,5.5,5.88,1.14,20,"DRD","Kayah State"
"Kayah","10","Loikaw","1001","Loikaw","100101","Kong-thar","10010110","625","3807","Thet-yet-pin",10010110006,"","",412,412,NA,"Thet-yet-pin",97.1488256,19.745982,516,516,0.0157,0.0151,5.5,5.88,1.14,20,"DRD","Kayah State"
"Kayah","10","Loikaw","1001","Loikaw","100101","Kong-thar","10010110","625","3807","Taung-mault",10010110007,"","",170,170,NA,"Taung-mault",97.1388214,19.7646105,213,213,0.0157,0.0151,5.5,5.88,1.14,20,"DRD","Kayah State"
"Kayah","10","Loikaw","1001","Loikaw","100101","Loi-lem-lay","10010111","899","4125","Loi-lem-lay",10010111001,"","",129,129,NA,"Loi-lem-lay",97.2170864,19.8760351,162,162,0.0157,0.0151,5.5,5.88,1.14,20,"DRD","Kayah State"
"Kayah","10","Loikaw","1001","Loikaw","100101","Loi-lem-lay","10010111","899","4125","Hti-ye",10010111002,"","",75,75,NA,"Hti-ye",97.2058637,19.8739491,94,94,0.0157,0.0151,5.5,5.88,1.14,20,"DRD","Kayah State"
"Kayah","10","Loikaw","1001","Loikaw","100101","Loi-lem-lay","10010111","899","4125","Pook-ta-na",10010111003,"","",22,22,NA,"Pook-ta-na",97.2192716,19.8629248,28,28,0.0157,0.0151,5.5,5.88,1.14,20,"DRD","Kayah State"
"Kayah","10","Loikaw","1001","Loikaw","100101","Loi-lem-lay","10010111","899","4125","Daw-ta-naw",10010111004,"","",175,175,NA,"Daw-ta-naw",97.2113265,19.8534892,219,219,0.0157,0.0151,5.5,5.88,1.14,20,"DRD","Kayah State"
"Kayah","10","Loikaw","1001","Loikaw","100101","Loi-lem-lay","10010111","899","4125","Kong-hsut",10010111005,"","",290,290,NA,"Kong-hsut",97.2162931,19.8132646,363,363,0.0157,0.0151,5.5,5.88,1.14,20,"DRD","Kayah State"
"Kayah","10","Loikaw","1001","Loikaw","100101","Loi-lem-lay","10010111","899","4125","Kyaung-kong-lay",10010111006,"","",148,148,NA,"Kyaung-kong-lay",97.217619,19.8099932,185,185,0.0157,0.0151,5.5,5.88,1.14,20,"DRD","Kayah State"
"Kayah","10","Loikaw","1001","Loikaw","100101","Loi-lem-lay","10010111","899","4125","Kyauk-gyi(north)",10010111007,"","",200,200,NA,"Kyauk-gyi(north)",97.2164919,19.805319,251,251,0.0157,0.0151,5.5,5.88,1.14,20,"DRD","Kayah State"
"Kayah","10","Loikaw","1001","Loikaw","100101","Loi-lem-lay","10010111","899","4125","Ai-san",10010111008,"","",200,200,NA,"Ai-san",97.175798,19.8880864,251,251,0.0157,0.0151,5.5,5.88,1.14,20,"DRD","Kayah State"
"Kayah","10","Loikaw","1001","Loikaw","100101","Loi-lem-lay","10010111","899","4125","Pain-chit(west)",10010111009,"","",303,303,NA,"Pain-chit(west)",97.2024866,19.8931179,380,380,0.0157,0.0151,5.5,5.88,1.14,20,"DRD","Kayah State"
"Kayah","10","Loikaw","1001","Loikaw","100101","Loi-lem-lay","10010111","899","4125","Pain-chit(east)",10010111010,"","",557,557,NA,"Pain-chit(east)",97.2070552,19.8921248,698,698,0.0157,0.0151,5.5,5.88,1.14,20,"DRD","Kayah State"
"Kayah","10","Loikaw","1001","Loikaw","100101","Loi-lem-lay","10010111","899","4125","Wan-kong",10010111011,"","",384,384,NA,"Wan-kong",97.2509197,19.8881441,481,481,0.0157,0.0151,5.5,5.88,1.14,20,"DRD","Kayah State"
"Kayah","10","Loikaw","1001","Loikaw","100101","Loi-lem-lay","10010111","899","4125","Thar-youth",10010111012,"","",175,175,NA,"Thar-youth",97.1998035,19.9761497,219,219,0.0157,0.0151,5.5,5.88,1.14,20,"DRD","Kayah State"
"Kayah","10","Loikaw","1001","Loikaw","100101","Loi-lem-lay","10010111","899","4125","Naung-lom",10010111013,"","",67,67,NA,"Naung-lom",97.2679456,19.8471155,84,84,0.0157,0.0151,5.5,5.88,1.14,20,"DRD","Kayah State"
"Kayah","10","Loikaw","1001","Loikaw","100101","Loi-lem-lay","10010111","899","4125","hkok-law",10010111014,"","",148,148,NA,"hkok-law",97.1782518,19.9789303,185,185,0.0157,0.0151,5.5,5.88,1.14,20,"DRD","Kayah State"
"Kayah","10","Loikaw","1001","Loikaw","100101","Loi-lem-lay","10010111","899","4125","Nan-nao",10010111015,"","",129,129,NA,"Nan-nao",97.1938445,19.9782353,162,162,0.0157,0.0151,5.5,5.88,1.14,20,"DRD","Kayah State"
"Kayah","10","Loikaw","1001","Loikaw","100101","Htee-sai-hsa","10010112","582","2501","tee-sai-hka",10010112001,"","",270,270,NA,"tee-sai-hka",97.2338704,19.8978858,338,338,0.0157,0.0151,5.5,5.88,1.14,20,"DRD","Kayah State"
"Kayah","10","Loikaw","1001","Loikaw","100101","Htee-sai-hsa","10010112","582","2501","Kying-tong",10010112002,"","",223,223,NA,"Kying-tong",97.232679,19.8775251,279,279,0.0157,0.0151,5.5,5.88,1.14,20,"DRD","Kayah State"
"Kayah","10","Loikaw","1001","Loikaw","100101","Htee-sai-hsa","10010112","582","2501","Nan-hu",10010112003,"","",205,205,NA,"Nan-hu",97.2419389,19.8807014,257,257,0.0157,0.0151,5.5,5.88,1.14,20,"DRD","Kayah State"
"Kayah","10","Loikaw","1001","Loikaw","100101","Htee-sai-hsa","10010112","582","2501","Wan-pan",10010112004,"","",50,50,NA,"Wan-pan",97.2518472,19.8691826,63,63,0.0157,0.0151,5.5,5.88,1.14,20,"DRD","Kayah State"
"Kayah","10","Loikaw","1001","Loikaw","100101","Htee-sai-hsa","10010112","582","2501","Kong-paung",10010112005,"","",36,36,NA,"Kong-paung",97.2386776,19.8763318,45,45,0.0157,0.0151,5.5,5.88,1.14,20,"DRD","Kayah State"
"Kayah","10","Loikaw","1001","Loikaw","100101","Htee-sai-hsa","10010112","582","2501","Daw-hsaw-we`",10010112006,"","",122,122,NA,"Daw-hsaw-we`",97.2691284,19.8573637,153,153,0.0157,0.0151,5.5,5.88,1.14,20,"DRD","Kayah State"
"Kayah","10","Loikaw","1001","Loikaw","100101","Htee-sai-hsa","10010112","582","2501","kunna-glo-hku",10010112007,"","",321,321,NA,"kunna-glo-hku",97.2752858,19.8673952,402,402,0.0157,0.0151,5.5,5.88,1.14,20,"DRD","Kayah State"
"Kayah","10","Loikaw","1001","Loikaw","100101","Htee-sai-hsa","10010112","582","2501","kunna-yoar-ma",10010112008,"","",322,322,NA,"kunna-yoar-ma",97.2784639,19.8689844,403,403,0.0157,0.0151,5.5,5.88,1.14,20,"DRD","Kayah State"
"Kayah","10","Loikaw","1001","Loikaw","100101","Htee-sai-hsa","10010112","582","2501","Wan-khaing",10010112009,"","",145,145,NA,"Wan-khaing",97.2875006,19.8647975,182,182,0.0157,0.0151,5.5,5.88,1.14,20,"DRD","Kayah State"
"Kayah","10","Loikaw","1001","Loikaw","100101","Htee-sai-hsa","10010112","582","2501","Daw-ta-ho",10010112010,"","",200,200,NA,"Daw-ta-ho",97.2901832,19.8701764,251,251,0.0157,0.0151,5.5,5.88,1.14,20,"DRD","Kayah State"
"Kayah","10","Loikaw","1001","Loikaw","100101","Htee-sai-hsa","10010112","582","2501","hpya-phu",10010112011,"","",120,120,NA,"hpya-phu",97.2942549,19.8799099,150,150,0.0157,0.0151,5.5,5.88,1.14,20,"DRD","Kayah State"
"Kayah","10","Loikaw","1001","Loikaw","100101","Htee-sai-hsa","10010112","582","2501","Lin-hpong-gyi",10010112012,"","",305,305,NA,"Lin-hpong-gyi",97.2502485,19.8823795,382,382,0.0157,0.0151,5.5,5.88,1.14,20,"DRD","Kayah State"
"Kayah","10","Loikaw","1001","Loikaw","100101","Htee-sai-hsa","10010112","582","2501","Nar-koi",10010112013,"","",160,160,NA,"Nar-koi",97.278265,19.8832865,200,200,0.0157,0.0151,5.5,5.88,1.14,20,"DRD","Kayah State"
"Kayah","10","Loikaw","1001","Loikaw","100101","Htee-sai-hsa","10010112","582","2501","Mai-tung-hsong",10010112014,"","",45,45,NA,"Mai-tung-hsong",97.2814431,19.8850743,56,56,0.0157,0.0151,5.5,5.88,1.14,20,"DRD","Kayah State"
"Kayah","10","Loikaw","1001","Loikaw","100101","Htee-sai-hsa","10010112","582","2501","Yea-ni-kan",10010112015,"","",0,0,NA,"Yea-ni-kan",97.2841672,19.881853,0,0,0.0157,0.0151,5.5,5.88,1.14,20,"DRD","Kayah State"
"Kayah","10","Loikaw","1001","Loikaw","100101","Htee-sai-hsa","10010112","582","2501","Khait-pala",10010112016,"","",135,135,NA,"Khait-pala",97.2620918,19.8611464,169,169,0.0157,0.0151,5.5,5.88,1.14,20,"DRD","Kayah State"
"Kayah","10","Loikaw","1001","Loikaw","100101","Tee-long","10010113","298","1482","Tee-long",10010113001,"","",69,69,NA,"Tee-long",97.4234025,19.8202608,86,86,0.0157,0.0151,5.5,5.88,1.14,20,"DRD","Kayah State"
"Kayah","10","Loikaw","1001","Loikaw","100101","Tee-long","10010113","298","1482","Nan-hsawn-kwa",10010113002,"","",257,257,NA,"Nan-hsawn-kwa",97.3194418,19.8947826,322,322,0.0157,0.0151,5.5,5.88,1.14,20,"DRD","Kayah State"
"Kayah","10","Loikaw","1001","Loikaw","100101","Tee-long","10010113","298","1482","Wan-ngawn",10010113003,"","",280,280,NA,"Wan-ngawn",97.3725182,19.7667853,351,351,0.0157,0.0151,5.5,5.88,1.14,20,"DRD","Kayah State"
"Kayah","10","Loikaw","1001","Loikaw","100101","Tee-long","10010113","298","1482","Daw-se`",10010113004,"","",150,150,NA,"Daw-se`",97.4305176,19.8301527,188,188,0.0157,0.0151,5.5,5.88,1.14,20,"DRD","Kayah State"
"Kayah","10","Loikaw","1001","Loikaw","100101","Tee-long","10010113","298","1482","Daw-par-pa",10010113005,"","",152,152,NA,"Daw-par-pa",97.450778,19.8338279,190,190,0.0157,0.0151,5.5,5.88,1.14,20,"DRD","Kayah State"
"Kayah","10","Loikaw","1001","Loikaw","100101","Tee-long","10010113","298","1482","Daw-hku-li",10010113006,"","",260,260,NA,"Daw-hku-li",97.3354708,19.8956032,326,326,0.0157,0.0151,5.5,5.88,1.14,20,"DRD","Kayah State"
"Kayah","10","Loikaw","1001","Loikaw","100101","Tee-long","10010113","298","1482","Tat-wa",10010113007,"","",69,69,NA,"Tat-wa",97.44899,19.84813,86,86,0.0157,0.0151,5.5,5.88,1.14,20,"DRD","Kayah State"
"Kayah","10","Loikaw","1001","Loikaw","100101","Tee-long","10010113","298","1482","Lom-pu",10010113008,"","",245,245,NA,"Lom-pu",97.3387492,19.8450492,307,307,0.0157,0.0151,5.5,5.88,1.14,20,"DRD","Kayah State"
"Kayah","10","","","","","","","","","",NA,"","",NA,77286,NA,"Loikaw",97.21,19.674167,96830,96830,0.0157,0.0151,5.5,5.88,1.14,20,"DRD","Kayah State"
"Kayah","10","","","","","","","","","",NA,"","",NA,4904,NA,"Bawlakhe",97.337222,19.174167,6144,6144,0.0157,0.0151,5.5,5.88,1.14,20,"DRD","Kayah State"
"Kayah","10","","","","","","","","","",NA,"","",NA,5578,NA,"Demoso",97.158889,19.538333,6989,6989,0.0157,0.0151,5.5,5.88,1.14,20,"DRD","Kayah State"
"Kayah","10","","","","","","","","","",NA,"","",NA,2933,NA,"Hpasawng",97.315833,18.870556,3675,3675,0.0157,0.0151,5.5,5.88,1.14,20,"DRD","Kayah State"
"Kayah","10","","","","","","","","","",NA,"","",NA,3269,NA,"Hpruso",97.122778,19.413333,4096,4096,0.0157,0.0151,5.5,5.88,1.14,20,"DRD","Kayah State"
"Kayah","10","","","","","","","","","",NA,"","",NA,934,NA,"Mese",97.664444,18.670556,1170,1170,0.0157,0.0151,5.5,5.88,1.14,20,"DRD","Kayah State"
"Kayah","10","","","","","","","","","",NA,"","",NA,1478,NA,"Shadaw",97.520833,19.631667,1852,1852,0.0157,0.0151,5.5,5.88,1.14,20,"DRD","Kayah State"
"Shan (South)","16","Taunggyi","1601","phekhon","160103","Alai Ka Yan","16010304","674","4334","Kan Ka Lo",16010304025,"","",NA,NA,NA,"Kan Ka Lo",96.9081761,19.5237147,0,0,0.0114,0.0066,5.46,6.05,1,19,"DRD","Kayah State"
"Shan (South)","16","Taunggyi","1601","phekhon","160103","Alai Ka Yan","16010304","674","4334","Kar Hpu",16010304017,"30","32",235,235,NA,"Kar Hpu",96.8907738,19.5291405,259,259,0.0114,0.0066,5.46,6.05,1,19,"DRD","Kayah State"
"Shan (South)","16","Taunggyi","1601","phekhon","160103","Ka Yaw","16010303","167","1161","Pa Yay Pa Lo",16010303007,"32","32",213,213,NA,"Pa Yay Pa Lo",96.8842893,19.3463171,235,235,0.0114,0.0066,5.46,6.05,1,19,"DRD","Kayah State"
"Shan (South)","16","Taunggyi","1601","phekhon","160103","Alai Ka Yan","16010304","674","4334","Sout Ton",16010304019,"20","22",86,86,NA,"Sout Ton",96.9397385,19.5763848,95,95,0.0114,0.0066,5.46,6.05,1,19,"DRD","Kayah State"
